player,slate,salary,position,team,projection,adjusted_opportunity,value,game_total,team_total,spread,actual,diff
Lamar Jackson,Main-20-FD-02,9500,QB,BAL,27.4,0,3.04,49.5,28.5,-7.5,17.56,0.640875912
Kyler Murray,Main-20-FD-10,8800,QB,ARI,27.3,0,0,56,29.5,-3,30.9,1.131868132
Lamar Jackson,Main-19-FD-16,9300,QB,BAL,26.8,0,0,48.5,29,-9.5,29.82,1.112686567
Kyler Murray,Main-20-FD-03,8400,QB,ARI,26.7,0,0,55.5,30,-4.5,24.7,0.925093633
Lamar Jackson,Main-19-FD-10,8600,QB,BAL,26.5,0,0,44,27.3,-10.5,33.42,1.261132075
Patrick Mahomes,Main-20-FD-05,9000,QB,KC,26.3,0,0,54.5,32.8,-11,30.7,1.16730038
Russell Wilson,Main-20-FD-04,9000,QB,SEA,26.2,0,0,55,29.8,-4.5,21.9,0.835877863
Dak Prescott,Main-20-FD-05,8700,QB,DAL,26.1,0,0,52,29.8,-7.5,13.94,0.534099617
Lamar Jackson,Main-20-FD-05,8900,QB,BAL,25.8,0,0,49,30.8,-12.5,14.5,0.562015504
Lamar Jackson,Main-20-FD-04,9600,QB,BAL,25.8,0,0,45,29.8,-14.5,26.02,1.008527132
Lamar Jackson,Main-20-FD-01,9400,QB,BAL,25.5,0,2.83,47,27,-7,27.5,1.078431373
Patrick Mahomes,Main-20-FD-08,9200,QB,KC,25.4,0,0,49,34.5,-20,36.64,1.442519685
Josh Allen,Main-20-FD-04,8600,QB,BUF,25.3,0,0,53,28,-3,25.42,1.004743083
Dak Prescott,Main-20-FD-04,8200,QB,DAL,25.2,0,0,56.5,30,-3.5,38.28,1.519047619
Lamar Jackson,Main-19-FD-11,8800,QB,BAL,25.1,0,0,51,27.5,-4,33.48,1.333864542
Lamar Jackson,Main-20-FD-17,9000,QB,BAL,25,0,0,46,29.8,-13.5,25.22,1.0088
Patrick Mahomes,Main-20-FD-16,9400,QB,KC,25,0,0,54,32.5,-11,20.22,0.8088
Josh Allen,Main-20-FD-12,8600,QB,BUF,24.8,0,0,51,27.8,-4.5,16.48,0.664516129
Kyler Murray,Main-20-FD-04,8400,QB,ARI,24.8,0,0,52.5,27.8,-3,23.12,0.932258065
Patrick Mahomes,Main-21-FD-01,8800,QB,KC,24.6,4.6,0,53,29.5,-6,33.28,1.352845528
Deshaun Watson,Main-19-FD-08,8400,QB,HOU,24.6,0,0,52,28.5,-5,27.76,1.128455285
Patrick Mahomes,Main-19-FD-04,9200,QB,KC,24.6,0,0,54.5,31,-7.5,18,0.731707317
Patrick Mahomes,Main-20-FD-09,9300,QB,KC,24.5,0,0,51.5,30.8,-10,30.88,1.260408163
Kyler Murray,Main-20-FD-05,8300,QB,ARI,24.5,0,0,48.5,27.8,-7,27.3,1.114285714
Kyler Murray,Main-20-FD-12,9100,QB,ARI,24.4,0,0,51,26,-1,8.9,0.364754098
Russell Wilson,Main-20-FD-14,9000,QB,SEA,24.3,0,0,48,31.5,-15,23.14,0.952263374
Kyler Murray,Main-20-FD-07,8400,QB,ARI,24.3,0,0,55.5,26,3.5,38.1,1.567901235
Kyler Murray,Main-21-FD-01,8400,QB,ARI,24.2,8.3,0,52.5,24.75,3,34.56,1.428099174
Patrick Mahomes,Main-20-FD-12,9000,QB,KC,24.2,0,0,56,29.8,-3.5,31.28,1.292561983
Josh Allen,Main-20-FD-10,8700,QB,BUF,24.2,0,0,56,26.5,3,28.86,1.192561983
Russell Wilson,Main-19-FD-08,8600,QB,SEA,24.2,0,0,48.5,28,-7.5,15.68,0.647933884
Josh Allen,Main-21-FD-01,8100,QB,BUF,24.1,7,0,48.5,27.5,-6.5,17.2,0.713692946
Deshaun Watson,Main-20-FD-05,7900,QB,HOU,24.1,0,0,55,30.8,-6.5,26.86,1.114522822
Patrick Mahomes,Main-19-FD-06,9200,QB,KC,24,0,0,54.5,29,-3.5,19.82,0.825833333
Russell Wilson,Main-19-FD-04,7800,QB,SEA,24,0,0,49,27.3,-5.5,14.3,0.595833333
Russell Wilson,Main-20-FD-07,8700,QB,SEA,23.9,0,0,55.5,29.5,-3.5,32.92,1.377405858
Lamar Jackson,Main-19-FD-14,9000,QB,BAL,23.9,0,0,44,25.3,-6.5,20.8,0.870292887
Josh Allen,Main-20-FD-07,8800,QB,BUF,23.8,0,0,47,28.3,-9.5,16.38,0.688235294
Lamar Jackson,Main-19-FD-06,8200,QB,BAL,23.8,0,0,47,28.8,-10.5,30.64,1.287394958
Lamar Jackson,Main-19-FD-04,8300,QB,BAL,23.8,0,0,47,27.3,-7.5,26.48,1.112605042
Deshaun Watson,Main-20-FD-04,7800,QB,HOU,23.7,0,0,52.5,28,-3.5,20.9,0.88185654
Russell Wilson,Main-19-FD-09,8600,QB,SEA,23.7,0,0,51,27.5,-4,39.22,1.654852321
Patrick Mahomes,Main-19-FD-03,9200,QB,KC,23.6,0,0,52,28.3,-4.5,27.86,1.180508475
Russell Wilson,Main-20-FD-09,9000,QB,SEA,23.5,0,0,55,29,-3,24.1,1.025531915
Russell Wilson,Main-20-FD-08,8700,QB,SEA,23.5,0,0,54.5,27.8,-1,28.74,1.222978723
Patrick Mahomes,Main-20-FD-07,9000,QB,KC,23.5,0,0,46,26.5,-7,12,0.510638298
Kyler Murray,Main-20-FD-09,8600,QB,ARI,23.4,0,0,49,27.3,-5.5,37.92,1.620512821
Deshaun Watson,Main-20-FD-09,8300,QB,HOU,23.3,0,0,49,28,-7,24.24,1.040343348
Lamar Jackson,Main-19-FD-07,8400,QB,BAL,23.3,0,0,49,23,3,23.32,1.000858369
Russell Wilson,Main-20-FD-03,8700,QB,SEA,23.3,0,0,58,31.8,-5.5,36.8,1.579399142
Lamar Jackson,Main-20-FD-11,8400,QB,BAL,23.1,0,0,50.5,28.3,-6,17.54,0.759307359
Russell Wilson,Main-19-FD-16,8300,QB,SEA,23,0,0,51,29.5,-8,10.96,0.476521739
Patrick Mahomes,Main-19-FD-13,8600,QB,KC,23,0,0,49.5,30.5,-11.5,19.5,0.847826087
Russell Wilson,Main-19-FD-07,8500,QB,SEA,23,0,0,49,26,-3,15.34,0.666956522
Cam Newton,Main-20-FD-03,7700,QB,NE,23,0,0,47,27,-7,12.18,0.529565217
Jalen Hurts,Main-20-FD-16,8200,QB,PHI,22.9,0,0,50,26.5,-3,20.58,0.898689956
Patrick Mahomes,Main-20-FD-15,8900,QB,KC,22.9,0,0,52,27.5,-3,25.86,1.129257642
Aaron Rodgers,Main-20-FD-14,9100,QB,GB,22.9,0,0,55.5,31.5,-7.5,30.9,1.349344978
Josh Allen,Main-20-FD-09,8200,QB,BUF,22.9,0,0,55,26,3,36,1.572052402
Dak Prescott,Main-20-FD-03,8500,QB,DAL,22.9,0,0,58,26.3,5.5,29.48,1.287336245
Lamar Jackson,Main-20-FD-15,8200,QB,BAL,22.8,0,0,48,30.5,-13,30.22,1.325438596
Justin Herbert,Main-20-FD-09,7900,QB,LAC,22.7,0,0,52.5,25.8,1,23.44,1.032599119
Lamar Jackson,Main-19-FD-13,8700,QB,BAL,22.7,0,0,45,25.3,-5.5,22.3,0.982378855
Deshaun Watson,Main-19-FD-07,8300,QB,HOU,22.7,0,0,46.5,22.5,1.5,17.52,0.771806167
Deshaun Watson,Main-19-FD-06,8400,QB,HOU,22.7,0,0,54.5,25.5,3.5,31.4,1.383259912
Deshaun Watson,Main-20-FD-16,8500,QB,HOU,22.6,0,0,46,26.8,-7.5,26.76,1.184070796
Patrick Mahomes,Main-20-FD-14,8900,QB,KC,22.5,0,0,50.5,28.75,-7,21.62,0.960888889
Justin Herbert,Main-20-FD-11,8500,QB,LAC,22.5,0,0,47,28.5,-10,27.74,1.232888889
Dak Prescott,Main-19-FD-03,8400,QB,DAL,22.5,0,0,46.5,34.3,-22,23.54,1.046222222
Ryan Tannehill,Main-20-FD-17,8200,QB,TEN,22.4,0,0,55.5,31.3,-7,28.44,1.269642857
Russell Wilson,Main-20-FD-10,8900,QB,SEA,22.4,0,0,55,26,3,11.92,0.532142857
Drew Brees,Main-19-FD-10,8300,QB,NO,22.4,0,0,51.5,32.8,-14,11.48,0.5125
Lamar Jackson,Main-20-FD-16,8800,QB,BAL,22.3,0,0,43.5,26.8,-10,21.32,0.956053812
Deshaun Watson,Main-20-FD-17,8700,QB,HOU,22.14,0,0,55.5,24.3,7,26.8,1.210478771
Russell Wilson,Main-20-FD-13,9000,QB,SEA,22.1,0,0,48.5,29.75,-11,16.02,0.724886878
Deshaun Watson,Main-20-FD-06,8200,QB,HOU,22.1,0,0,52,24,4,32,1.447963801
Matt Ryan,Main-19-FD-12,7900,QB,ATL,22.1,0,0,51.5,27.5,-3.5,8.64,0.390950226
Matt Ryan,Main-19-FD-07,7900,QB,ATL,22.1,0,0,54.5,25.8,3,3.56,0.161085973
Aaron Rodgers,Main-20-FD-13,8500,QB,GB,22,0,0,50,29,-8,23.5,1.068181818
Lamar Jackson,Main-19-FD-05,8300,QB,BAL,22,0,0,44,23.8,-3.5,14.44,0.656363636
Patrick Mahomes,Main-19-FD-02,9000,QB,KC,22,0,0,53.5,30.3,-7,31.62,1.437272727
Deshaun Watson,Main-20-FD-07,8000,QB,HOU,21.9,0,0,55.5,26.5,2.5,24.16,1.103196347
Matt Ryan,Main-19-FD-06,8100,QB,ATL,21.9,0,0,52.5,27.8,-3,30.94,1.412785388
Lamar Jackson,Main-19-FD-03,8500,QB,BAL,21.9,0,0,52,23.8,4.5,21.28,0.971689498
Kyler Murray,Main-20-FD-15,8000,QB,ARI,21.8,0,0,48.5,27.5,-6.5,34.14,1.566055046
Kyler Murray,Main-19-FD-07,7700,QB,ARI,21.8,0,0,49.5,23,3.5,6.96,0.319266055
Lamar Jackson,Main-19-FD-02,8200,QB,BAL,21.8,0,0,46,29.5,-13,30.88,1.416513761
Patrick Mahomes,Main-19-FD-01,8700,QB,KC,21.8,0,0,49,26.3,-3.5,27.32,1.253211009
Aaron Rodgers,Main-20-FD-07,8100,QB,GB,21.7,0,0,55.5,29,-2.5,27.32,1.258986175
Lamar Jackson,Main-20-FD-06,9000,QB,BAL,21.7,0,0,46.5,28.5,-10.5,28.24,1.301382488
Joe Burrow,Main-20-FD-04,7400,QB,CIN,21.7,0,0,50,25.5,-1,16.1,0.741935484
Kyler Murray,Main-19-FD-06,7700,QB,ARI,21.7,0,0,52.5,24.8,3,28.8,1.32718894
Ryan Tannehill,Main-20-FD-13,7800,QB,TEN,21.6,0,0,54,29,-4,28.56,1.322222222
Ryan Tannehill,Main-20-FD-08,7500,QB,TEN,21.6,0,0,49.5,28.5,-7.5,18.32,0.848148148
Josh Allen,Main-19-FD-07,7700,QB,BUF,21.6,0,0,42.5,29.8,-17,21.28,0.985185185
Deshaun Watson,Main-19-FD-05,8000,QB,HOU,21.6,0,0,49,26.5,-4,41.74,1.932407407
Aaron Rodgers,Main-20-FD-08,8400,QB,GB,21.5,0,0,47,26.3,-5.5,22.54,1.048372093
Deshaun Watson,Main-19-FD-11,8200,QB,HOU,21.5,0,0,51,23.5,4,4.96,0.230697674
Matt Ryan,Main-20-FD-07,7800,QB,ATL,21.4,0,0,54,27.5,-1,17.52,0.818691589
Dak Prescott,Main-19-FD-11,8100,QB,DAL,21.4,0,0,46.5,27,-7.5,31.56,1.474766355
Josh Allen,Main-20-FD-03,8100,QB,BUF,21.4,0,0,46.5,24,-1.5,32.24,1.506542056
Dak Prescott,Main-20-FD-02,8300,QB,DAL,21.4,0,2.68,53,28,-3,39.8,1.859813084
Russell Wilson,Main-20-FD-15,8400,QB,SEA,21.3,0,0,43.5,25,-6.5,13.04,0.612206573
Aaron Rodgers,Main-20-FD-10,8400,QB,GB,21.3,0,0,47,30.3,-13.5,26.4,1.23943662
Jameis Winston,Main-19-FD-10,7900,QB,TB,21.3,0,0,51,28.3,-5.5,20.32,0.95399061
Russell Wilson,Main-19-FD-06,8000,QB,SEA,21.3,0,0,45.5,22.3,1,28.9,1.356807512
Aaron Rodgers,Main-21-FD-01,8000,QB,GB,21.1,3,0,50,27.25,-4.5,3.32,0.157345972
Tom Brady,Main-20-FD-17,8400,QB,TB,21.1,0,0,51,29.3,-7.5,31.26,1.481516588
Kyler Murray,Main-20-FD-13,8700,QB,ARI,21.1,0,0,49,23.25,2.5,17.42,0.825592417
Deshaun Watson,Main-20-FD-13,8200,QB,HOU,21.1,0,0,50,23.25,3.5,20.44,0.968720379
Deshaun Watson,Main-19-FD-14,7700,QB,HOU,21.1,0,0,42.5,25.3,-8,30.08,1.425592417
Justin Herbert,Main-20-FD-12,8400,QB,LAC,21,0,0,51,23.3,4.5,17.44,0.83047619
Russell Wilson,Main-19-FD-12,8200,QB,SEA,21,0,0,45.5,23.3,-1,10.5,0.5
Deshaun Watson,Main-19-FD-04,8200,QB,HOU,21,0,0,47.5,26.5,-5.5,11.6,0.552380952
Deshaun Watson,Main-19-FD-03,8200,QB,HOU,21,0,0,49,23,3,25.84,1.23047619
Jalen Hurts,Main-21-FD-01,7600,QB,PHI,20.9,9.5,0,48,22.25,3.5,28.76,1.376076555
Kirk Cousins,Main-20-FD-17,7700,QB,MIN,20.9,0,0,54,28.5,-3,34.3,1.641148325
Justin Herbert,Main-20-FD-16,8200,QB,LAC,20.9,0,0,47.5,25,-2.5,16.72,0.8
Ryan Tannehill,Main-20-FD-14,7900,QB,TEN,20.9,0,0,52,29.75,-7.5,16.48,0.788516746
Justin Herbert,Main-20-FD-13,7900,QB,LAC,20.9,0,0,47,24.75,-2.5,6.36,0.30430622
Justin Herbert,Main-20-FD-10,8000,QB,LAC,20.9,0,0,48.5,23.5,1.5,21.48,1.027751196
Matthew Stafford,Main-20-FD-07,7300,QB,DET,20.9,0,0,54,26.5,1,18.4,0.880382775
Deshaun Watson,Main-19-FD-15,8200,QB,HOU,20.9,0,0,50,23.5,3,18.92,0.905263158
Kyler Murray,Main-19-FD-10,7700,QB,ARI,20.9,0,0,51,22.8,5.5,27.76,1.328229665
Patrick Mahomes,Main-20-FD-02,9000,QB,KC,20.9,0,2.32,47,27.8,-8.5,27.48,1.314832536
Ryan Tannehill,Main-21-FD-01,7700,QB,TEN,20.8,2.9,0,52.5,27.75,-3,15.18,0.729807692
Russell Wilson,Main-21-FD-01,7800,QB,SEA,20.8,4,0,49,26,-3,27.06,1.300961538
Justin Herbert,Main-20-FD-07,7500,QB,LAC,20.8,0,0,48,28,-8,38.48,1.85
Matthew Stafford,Main-20-FD-06,7300,QB,DET,20.8,0,0,52.5,27.8,-3,13.32,0.640384615
Ryan Tannehill,Main-20-FD-06,7300,QB,TEN,20.8,0,0,52,28,-4,29.56,1.421153846
Patrick Mahomes,Main-19-FD-10,8400,QB,KC,20.8,0,0,49,27,-5,29.84,1.434615385
Deshaun Watson,Main-19-FD-02,8500,QB,HOU,20.8,0,0,43,25.3,-7.5,12.86,0.618269231
Tom Brady,Main-19-FD-03,7800,QB,NE,20.8,0,0,43,31.8,-20.5,20.14,0.968269231
Kyler Murray,Main-20-FD-02,8000,QB,ARI,20.8,0,2.6,46.5,27,-7.5,33.14,1.593269231
Aaron Rodgers,Main-20-FD-17,8500,QB,GB,20.7,0,0,48.5,26.5,-4.5,26,1.256038647
Ryan Tannehill,Main-20-FD-15,7700,QB,TEN,20.7,0,0,51.5,31.3,-11,37.02,1.788405797
Justin Herbert,Main-20-FD-14,8300,QB,LAC,20.7,0,0,49,25.25,-1.5,16.72,0.807729469
Deshaun Watson,Main-20-FD-11,7700,QB,HOU,20.7,0,0,49.5,23.5,2.5,31.36,1.514975845
Cam Newton,Main-20-FD-06,8000,QB,NE,20.7,0,0,43.5,25.3,-7,19.98,0.965217391
Tom Brady,Main-19-FD-02,7800,QB,NE,20.7,0,0,48.5,33.3,-18,24.66,1.191304348
Josh Allen,Main-20-FD-02,8200,QB,BUF,20.7,0,2.59,42.5,24,-5.5,34.48,1.665700483
Matt Ryan,Main-20-FD-05,7700,QB,ATL,20.6,0,0,53.5,28,-2.5,7.94,0.385436893
Patrick Mahomes,Main-19-FD-17,8600,QB,KC,20.6,0,0,46,28,-10,12.06,0.585436893
Jared Goff,Main-19-FD-07,7800,QB,LAR,20.6,0,0,54.5,28.8,-3,25.02,1.214563107
Dak Prescott,Main-19-FD-06,8000,QB,DAL,20.6,0,0,43.5,25.3,-7,18.22,0.884466019
Lamar Jackson,Main-20-FD-08,8300,QB,BAL,20.5,0,0,44,24,-4,16.82,0.820487805
Jameis Winston,Main-19-FD-15,8200,QB,TB,20.5,0,0,46,25.8,-5.5,33.72,1.644878049
Derek Carr,Main-20-FD-12,7100,QB,LV,20.4,0,0,53,28.3,-3.5,1.6,0.078431373
Josh Allen,Main-20-FD-08,8200,QB,BUF,20.4,0,0,41,22.5,-4,13.46,0.659803922
Josh Allen,Main-19-FD-08,7700,QB,BUF,20.4,0,0,39.5,20.3,-1,17.26,0.846078431
Russell Wilson,Main-20-FD-17,7500,QB,SEA,20.3,0,0,45,26,-7,18.14,0.893596059
Deshaun Watson,Main-20-FD-14,8000,QB,HOU,20.3,0,0,46,23.5,-1,16.56,0.815763547
Ben Roethlisberger,Main-20-FD-11,8000,QB,PIT,20.3,0,0,47,29,-11,17.68,0.870935961
Lamar Jackson,Main-20-FD-09,8100,QB,BAL,20.3,0,0,48,23.5,1,18.6,0.916256158
Aaron Rodgers,Main-20-FD-06,8400,QB,GB,20.3,0,0,55,29,-3,5.8,0.285714286
Patrick Mahomes,Main-19-FD-15,8300,QB,KC,20.3,0,0,43,26.5,-10,23.7,1.167487685
Aaron Rodgers,Main-19-FD-14,8400,QB,GB,20.3,0,0,42.5,27.8,-13,11.4,0.561576355
Kyler Murray,Main-19-FD-03,7200,QB,ARI,20.3,0,0,46,24.3,-2.5,19.82,0.97635468
Tom Brady,Main-20-FD-15,7900,QB,TB,20.2,0,0,48.5,27.25,-6,23.4,1.158415842
Josh Allen,Main-19-FD-03,7500,QB,BUF,20.2,0,0,43.5,24.5,-5.5,19.32,0.956435644
Deshaun Watson,Main-20-FD-15,8100,QB,HOU,20.1,0,0,51,21.75,7.5,23.42,1.165174129
Cam Newton,Main-20-FD-07,7600,QB,NE,20.1,0,0,44,23.5,-3,2.82,0.140298507
Russell Wilson,Main-19-FD-15,8100,QB,SEA,20.1,0,0,48.5,27.3,-6,19.34,0.962189055
Jared Goff,Main-19-FD-08,8000,QB,LAR,20.1,0,0,48.5,30.3,-12,22.88,1.138308458
Jared Goff,Main-19-FD-02,7600,QB,LAR,20.1,0,0,52.5,27.3,-2,19.12,0.951243781
Cam Newton,Main-19-FD-01,7900,QB,CAR,20.1,0,0,49.5,24,1.5,6.36,0.31641791
Taysom Hill,Main-20-FD-13,7700,QB,NO,20,0,0,46,24.25,-2.5,23.58,1.179
Drew Brees,Main-20-FD-10,7600,QB,NO,20,0,0,49.5,29.5,-9.5,6.94,0.347
Kirk Cousins,Main-20-FD-06,7100,QB,MIN,20,0,0,53.5,28.5,-3.5,26.72,1.336
Gardner Minshew II,Main-20-FD-06,7200,QB,JAC,20,0,0,52.5,24.8,3,18.62,0.931
Jared Goff,Main-20-FD-04,7500,QB,LAR,20,0,0,50,31.8,-13.5,11.7,0.585
Jameis Winston,Main-19-FD-17,8100,QB,TB,20,0,0,48,24.5,-1,16.54,0.827
Ryan Tannehill,Main-19-FD-15,7600,QB,TEN,20,0,0,50,26.5,-3,25.16,1.258
Drew Brees,Main-19-FD-12,8500,QB,NO,20,0,0,46,28,-10,23.44,1.172
Aaron Rodgers,Main-19-FD-10,8000,QB,GB,20,0,0,49,27,-5,10.02,0.501
Matthew Stafford,Main-19-FD-08,7700,QB,DET,20,0,0,49,27.8,-6.5,24.38,1.219
Carson Wentz,Main-19-FD-05,7800,QB,PHI,20,0,0,43,28.5,-14,12.06,0.603
Tom Brady,Main-19-FD-05,7600,QB,NE,20,0,0,42,28.8,-15.5,24.92,1.246
Josh Allen,Main-20-FD-17,8200,QB,BUF,19.9,0,0,42.5,19.5,3.5,20.26,1.018090452
Jared Goff,Main-20-FD-15,7800,QB,LAR,19.9,0,0,44,30.75,-17.5,16.26,0.817085427
Taysom Hill,Main-20-FD-14,7700,QB,NO,19.9,0,0,42.5,25.25,-8,19.94,1.00201005
Jared Goff,Main-20-FD-10,7400,QB,LAR,19.9,0,0,55,29,-3,10.48,0.526633166
Justin Herbert,Main-20-FD-08,7700,QB,LAC,19.9,0,0,44.5,23.8,-3,23.22,1.166834171
Ben Roethlisberger,Main-20-FD-07,7400,QB,PIT,19.9,0,0,51,25,1,15.62,0.784924623
Ryan Fitzpatrick,Main-20-FD-06,7400,QB,MIA,19.9,0,0,46,28,-10,18.04,0.906532663
Ben Roethlisberger,Main-20-FD-06,7600,QB,PIT,19.9,0,0,50,26.5,-3,10.98,0.551758794
Tom Brady,Main-19-FD-08,7900,QB,NE,19.9,0,0,43,26.3,-9.5,18.36,0.922613065
Dak Prescott,Main-19-FD-02,7700,QB,DAL,19.9,0,0,46.5,26.3,-6,28.66,1.440201005
Jameis Winston,Main-19-FD-01,7500,QB,TB,19.9,0,0,51,26,-1,10.06,0.505527638
Jameis Winston,Main-19-FD-12,7600,QB,TB,19.8,0,0,51.5,24,3.5,26.32,1.329292929
Matt Ryan,Main-19-FD-05,7700,QB,ATL,19.8,0,0,49,22.5,4,32.9,1.661616162
Baker Mayfield,Main-19-FD-01,7900,QB,CLE,19.8,0,0,44,24.8,-5.5,12.4,0.626262626
Kirk Cousins,Main-20-FD-13,7300,QB,MIN,19.7,0,0,51,30.75,-10.5,22.4,1.137055838
Matt Ryan,Main-20-FD-09,7600,QB,ATL,19.7,0,0,50,27.3,-4.5,23.36,1.185786802
Joe Burrow,Main-20-FD-08,7600,QB,CIN,19.7,0,0,49.5,21,7.5,18.86,0.957360406
Dak Prescott,Main-19-FD-05,8200,QB,DAL,19.7,0,0,46.5,25,-3.5,26.22,1.330964467
Josh Allen,Main-19-FD-02,7500,QB,BUF,19.7,0,0,44.5,22.8,-1,22.22,1.127918782
Ben Roethlisberger,Main-20-FD-09,7700,QB,PIT,19.6,0,0,44,29,-14,25.04,1.27755102
Drew Brees,Main-19-FD-17,8400,QB,NO,19.6,0,0,45,29.3,-13.5,22.02,1.123469388
Dak Prescott,Main-19-FD-15,7800,QB,DAL,19.6,0,0,48.5,23.8,1,17.68,0.902040816
Kyler Murray,Main-19-FD-13,7700,QB,ARI,19.6,0,0,47,22.3,2.5,14.32,0.730612245
Josh Allen,Main-19-FD-11,7800,QB,BUF,19.6,0,0,41.5,24.3,-7,33.84,1.726530612
Drew Brees,Main-20-FD-01,8100,QB,NO,19.6,0,2.45,48.5,26.5,-4.5,14.4,0.734693878
Russell Wilson,Main-20-FD-16,7900,QB,SEA,19.5,0,0,48,24.8,-1.5,19.9,1.020512821
Tom Brady,Main-20-FD-10,7800,QB,TB,19.5,0,0,49.5,27.8,-6,31.84,1.632820513
Matt Ryan,Main-20-FD-06,7400,QB,ATL,19.5,0,0,53.5,25,3.5,31.64,1.622564103
Tom Brady,Main-20-FD-06,7500,QB,TB,19.5,0,0,55,26,3,14.64,0.750769231
Ryan Fitzpatrick,Main-19-FD-16,7400,QB,MIA,19.5,0,0,46,22.3,1.5,32.66,1.674871795
Ryan Tannehill,Main-19-FD-16,7800,QB,TEN,19.5,0,0,49,22.8,3.5,23.68,1.214358974
Kyler Murray,Main-19-FD-16,7700,QB,ARI,19.5,0,0,51,21.5,8,12.72,0.652307692
Patrick Mahomes,Main-19-FD-14,8400,QB,KC,19.5,0,0,49.5,23.3,3,14.92,0.765128205
Jameis Winston,Main-19-FD-13,7600,QB,TB,19.5,0,0,46.5,24.8,-3,10.72,0.54974359
Aaron Rodgers,Main-19-FD-09,8100,QB,GB,19.5,0,0,50,27,-4,12.94,0.663589744
Kyler Murray,Main-19-FD-08,7400,QB,ARI,19.5,0,0,47.5,17.5,12.5,10.1,0.517948718
Aaron Rodgers,Main-19-FD-07,7600,QB,GB,19.5,0,0,48,26.8,-5.5,43.76,2.244102564
Kyler Murray,Main-19-FD-04,7600,QB,ARI,19.5,0,0,49,21.8,5.5,17.34,0.889230769
Jared Goff,Main-19-FD-04,7700,QB,LAR,19.5,0,0,48.5,28.8,-9,23.68,1.214358974
Deshaun Watson,Main-20-FD-02,7900,QB,HOU,19.5,0,2.79,49.5,21,7.5,15.7,0.805128205
Russell Wilson,Main-20-FD-01,8400,QB,SEA,19.5,0,2.44,49.5,24.3,1,31.78,1.62974359
Justin Herbert,Main-20-FD-17,7600,QB,LAC,19.4,0,0,43,25,-7,32.98,1.7
Deshaun Watson,Main-20-FD-10,8300,QB,HOU,19.4,0,0,46,20.8,4.5,14.12,0.727835052
Joe Burrow,Main-20-FD-07,7100,QB,CIN,19.4,0,0,50,22.8,4.5,34.64,1.78556701
Ryan Tannehill,Main-20-FD-07,7300,QB,TEN,19.4,0,0,51,26,-1,17.3,0.891752577
Teddy Bridgewater,Main-20-FD-05,7100,QB,CAR,19.4,0,0,53.5,25.5,2.5,20.82,1.073195876
Kyler Murray,Main-19-FD-15,7600,QB,ARI,19.4,0,0,49,23,3,17.36,0.894845361
Jameis Winston,Main-19-FD-14,7700,QB,TB,19.4,0,0,46.5,24.8,-3,37.74,1.945360825
Drew Brees,Main-19-FD-11,8300,QB,NO,19.4,0,0,50.5,27.8,-5,21.12,1.088659794
Russell Wilson,Main-19-FD-01,8200,QB,SEA,19.4,0,0,44,26.8,-9.5,16.6,0.855670103
Carson Wentz,Main-19-FD-01,7600,QB,PHI,19.4,0,0,44,27.3,-10.5,25.02,1.289690722
Matt Ryan,Main-19-FD-03,7800,QB,ATL,19.4,0,0,48,23.5,1,23.46,1.209278351
Russell Wilson,Main-19-FD-03,7600,QB,SEA,19.4,0,0,44,24.5,-5,41.34,2.130927835
Philip Rivers,Main-20-FD-17,7300,QB,IND,19.3,0,0,48,31.8,-15.5,11.36,0.588601036
Tom Brady,Main-20-FD-14,7800,QB,TB,19.3,0,0,52.5,30,-7.5,15.64,0.810362694
Cam Newton,Main-20-FD-12,7700,QB,NE,19.3,0,0,51,25,1,5.96,0.30880829
Tom Brady,Main-20-FD-12,7900,QB,TB,19.3,0,0,56,26.3,3.5,23.7,1.227979275
Tua Tagovailoa,Main-20-FD-10,6800,QB,MIA,19.3,0,0,48.5,25,-1.5,14.66,0.759585492
Carson Wentz,Main-20-FD-10,7500,QB,PHI,19.3,0,0,46,25.5,-5,8.72,0.451813472
Gardner Minshew II,Main-20-FD-05,7200,QB,JAC,19.3,0,0,55,24.3,6.5,19.84,1.027979275
Matt Ryan,Main-19-FD-17,7800,QB,ATL,19.3,0,0,48,23.5,1,14.52,0.752331606
Aaron Rodgers,Main-19-FD-17,8300,QB,GB,19.3,0,0,44,28.8,-13.5,20.02,1.037305699
Jameis Winston,Main-19-FD-11,7600,QB,TB,19.3,0,0,50.5,22.8,5,18.82,0.975129534
Matt Ryan,Main-19-FD-04,7900,QB,ATL,19.3,0,0,46,24.8,-3.5,15.68,0.812435233
Aaron Rodgers,Main-19-FD-02,8000,QB,GB,19.3,0,0,43,23,-3,14.36,0.744041451
Matt Ryan,Main-20-FD-02,7700,QB,ATL,19.3,0,2.76,53,25,3,28.52,1.477720207
Mitchell Trubisky,Main-20-FD-16,7200,QB,CHI,19.2,0,0,47,28.3,-9.5,24.6,1.28125
Kyler Murray,Main-20-FD-14,8100,QB,ARI,19.2,0,0,47,24.75,-2.5,18.46,0.961458333
Ryan Fitzpatrick,Main-20-FD-12,7400,QB,MIA,19.2,0,0,46,26.8,-7.5,19.28,1.004166667
Matt Ryan,Main-20-FD-12,7600,QB,ATL,19.2,0,0,53,24.8,3.5,14.9,0.776041667
Gardner Minshew II,Main-20-FD-07,7200,QB,JAC,19.2,0,0,48,20,8,19.02,0.990625
Matt Ryan,Main-19-FD-16,7700,QB,ATL,19.2,0,0,48,27.8,-7.5,17.96,0.935416667
Jimmy Garoppolo,Main-19-FD-15,8400,QB,SF,19.2,0,0,50,30.3,-10.5,12.6,0.65625
Philip Rivers,Main-19-FD-04,7800,QB,LAC,19.2,0,0,43.5,29.3,-15,20.4,1.0625
Kyler Murray,Main-19-FD-01,7300,QB,ARI,19.2,0,0,45.5,21.5,2.5,22.62,1.178125
Dak Prescott,Main-19-FD-01,7500,QB,DAL,19.2,0,0,44,25.5,-7,33.4,1.739583333
Lamar Jackson,Main-19-FD-01,7400,QB,BAL,19.2,0,0,41,24,-7,33.56,1.747916667
Jameis Winston,Main-19-FD-03,7300,QB,TB,19.2,0,0,48,26.5,-5,26.5,1.380208333
Aaron Rodgers,Main-20-FD-02,7900,QB,GB,19.2,0,2.74,51,29,-7,18.7,0.973958333
Derek Carr,Main-20-FD-10,6900,QB,LV,19.1,0,0,50.5,27,-3.5,7.16,0.37486911
Drew Brees,Main-19-FD-16,8200,QB,NO,19.1,0,0,49,26.3,-3.5,22.86,1.196858639
Matt Ryan,Main-19-FD-14,7600,QB,ATL,19.1,0,0,48,25.8,-3.5,21.32,1.116230366
Jalen Hurts,Main-20-FD-15,6900,QB,PHI,19,0,0,48.5,21,6.5,37.82,1.990526316
Taysom Hill,Main-20-FD-12,7300,QB,NO,19,0,0,36.5,26.8,-17,18.52,0.974736842
Matthew Stafford,Main-20-FD-04,7200,QB,DET,19,0,0,51.5,24.3,3,23.34,1.228421053
Dak Prescott,Main-19-FD-16,8000,QB,DAL,19,0,0,47,24.5,-2,11.3,0.594736842
Josh Allen,Main-19-FD-09,7700,QB,BUF,19,0,0,37,23.8,-10.5,17.6,0.926315789
Jared Goff,Main-19-FD-01,7800,QB,LAR,19,0,0,49.5,25.5,-1.5,10.44,0.549473684
Justin Herbert,Main-21-FD-01,7600,QB,LAC,18.9,3.3,0,44.5,21.75,1,14.38,0.760846561
Kyler Murray,Main-20-FD-17,7800,QB,ARI,18.9,0,0,42,20.5,1,3.78,0.2
Cam Newton,Main-20-FD-11,7600,QB,NE,18.9,0,0,49.5,26,-2.5,19.2,1.015873016
Matt Ryan,Main-20-FD-11,7800,QB,ATL,18.9,0,0,49.5,23,3.5,7.28,0.385185185
Ben Roethlisberger,Main-20-FD-10,7400,QB,PIT,18.9,0,0,45.5,26,-6.5,29.32,1.551322751
Derek Carr,Main-20-FD-09,7000,QB,LV,18.9,0,0,52.5,26.8,-1,14,0.740740741
Dak Prescott,Main-19-FD-17,8000,QB,DAL,18.9,0,0,47.5,30.3,-13,29.62,1.567195767
Aaron Rodgers,Main-19-FD-13,8100,QB,GB,18.9,0,0,43.5,25,-6.5,28.12,1.487830688
Tom Brady,Main-19-FD-11,7800,QB,NE,18.9,0,0,45,24.8,-4.5,8.54,0.451851852
Trevor Lawrence,Main-21-FD-01,6800,QB,JAC,18.8,3.5,0,44.5,23.75,-3,22.08,1.174468085
Matt Ryan,Main-21-FD-01,7300,QB,ATL,18.8,2,0,48,25.75,-3.5,7.36,0.391489362
Philip Rivers,Main-20-FD-15,7100,QB,IND,18.8,0,0,51,29.25,-7.5,17.02,0.905319149
Derek Carr,Main-20-FD-13,7200,QB,LV,18.8,0,0,48,27.75,-7.5,32.74,1.741489362
Ryan Fitzpatrick,Main-20-FD-04,7100,QB,MIA,18.8,0,0,55,25.3,4.5,23.3,1.239361702
Tom Brady,Main-19-FD-17,7600,QB,NE,18.8,0,0,46,31.8,-17.5,15.84,0.842553191
Kirk Cousins,Main-19-FD-14,8200,QB,MIN,18.8,0,0,43.5,27.8,-12,13.58,0.722340426
Matthew Stafford,Main-19-FD-09,7900,QB,DET,18.8,0,0,51.5,24.5,2.5,25.84,1.374468085
Matt Ryan,Main-20-FD-03,7800,QB,ATL,18.8,0,0,46,24.3,-2.5,12.42,0.660638298
Aaron Rodgers,Main-20-FD-11,9000,QB,GB,18.7,0,0,52,25.3,1.5,22.74,1.216042781
Drew Brees,Main-20-FD-07,7700,QB,NO,18.7,0,0,49.5,28.3,-7,23.68,1.26631016
Ben Roethlisberger,Main-19-FD-02,7600,QB,PIT,18.7,0,0,47,25.5,-4,3,0.160427807
Ben Roethlisberger,Main-20-FD-03,7500,QB,PIT,18.7,0,0,46.5,25,-3.5,19.18,1.025668449
Matt Ryan,Main-20-FD-01,7800,QB,ATL,18.7,0,2.67,49.5,25.3,-1,24.9,1.331550802
Matthew Stafford,Main-20-FD-09,7500,QB,DET,18.6,0,0,51.5,24,3.5,10.44,0.561290323
Ryan Tannehill,Main-20-FD-09,7400,QB,TEN,18.6,0,0,46.5,26.5,-6.5,14.62,0.786021505
Ryan Tannehill,Main-19-FD-17,7900,QB,TEN,18.6,0,0,43,26.5,-10,17.92,0.96344086
Sam Darnold,Main-19-FD-14,7700,QB,NYJ,18.6,0,0,47,26,-5,18.1,0.97311828
Daniel Jones,Main-19-FD-04,7300,QB,NYG,18.6,0,0,48,25.5,-3,14.3,0.768817204
Aaron Rodgers,Main-19-FD-03,7900,QB,GB,18.6,0,0,42,24.5,-7,13.3,0.715053763
Cam Newton,Main-20-FD-01,7300,QB,NE,18.6,0,2.66,41.5,24.5,-7.5,25.7,1.38172043
Josh Allen,Main-20-FD-01,7900,QB,BUF,18.6,0,2.66,39.5,23,-6.5,28.18,1.515053763
Derek Carr,Main-20-FD-17,7200,QB,LV,18.5,0,0,50.5,26.5,-2.5,22.94,1.24
Cam Newton,Main-20-FD-13,7500,QB,NE,18.5,0,0,47,22.25,2.5,23.56,1.273513514
Philip Rivers,Main-20-FD-13,7000,QB,IND,18.5,0,0,50,26.75,-3.5,19.2,1.037837838
Ryan Tannehill,Main-20-FD-12,7500,QB,TEN,18.5,0,0,51.5,24.3,3,19.14,1.034594595
Daniel Jones,Main-20-FD-12,7200,QB,NYG,18.5,0,0,45,25.8,-6.5,10.42,0.563243243
Joe Burrow,Main-20-FD-11,7700,QB,CIN,18.5,0,0,48,23,2,11.32,0.611891892
Andy Dalton,Main-20-FD-07,7200,QB,DAL,18.5,0,0,44.5,22.8,-1,3.6,0.194594595
Jameis Winston,Main-19-FD-09,7500,QB,TB,18.5,0,0,51,23.5,4,20.2,1.091891892
Jared Goff,Main-19-FD-06,7600,QB,LAR,18.5,0,0,49.5,26.3,-3,1.12,0.060540541
Matthew Stafford,Main-19-FD-04,6900,QB,DET,18.5,0,0,54.5,23.5,7.5,23.44,1.267027027
Carson Wentz,Main-19-FD-03,7700,QB,PHI,18.5,0,0,45,24.5,-4,21.66,1.170810811
Jared Goff,Main-20-FD-12,7000,QB,LAR,18.4,0,0,44.5,24.8,-5,5.02,0.272826087
Joe Burrow,Main-20-FD-10,7200,QB,CIN,18.4,0,0,45.5,19.5,6.5,12.52,0.680434783
Kirk Cousins,Main-20-FD-09,7100,QB,MIN,18.4,0,0,51.5,27.5,-3.5,20.8,1.130434783
Daniel Jones,Main-20-FD-06,6700,QB,NYG,18.4,0,0,42.5,22.3,-2,14.88,0.808695652
Drew Brees,Main-20-FD-04,7700,QB,NO,18.4,0,0,51.5,27.3,-3,16.54,0.898913043
Sam Darnold,Main-19-FD-13,7600,QB,NYJ,18.4,0,0,43,22.8,-2.5,10.46,0.568478261
Matt Ryan,Main-19-FD-11,7600,QB,ATL,18.4,0,0,49,22.8,3.5,16.44,0.893478261
Jacoby Brissett,Main-19-FD-07,7300,QB,IND,18.4,0,0,46.5,24,-1.5,27.64,1.502173913
Kyler Murray,Main-19-FD-05,7400,QB,ARI,18.4,0,0,45,21,3,25.42,1.381521739
Tom Brady,Main-19-FD-04,7800,QB,NE,18.4,0,0,41.5,24.3,-7,4.7,0.255434783
Ryan Tannehill,Main-20-FD-03,7400,QB,TEN,18.4,0,0,49.5,26.3,-3,13.24,0.719565217
Kirk Cousins,Main-20-FD-14,7500,QB,MIN,18.3,0,0,52.5,22.5,7.5,17.1,0.93442623
Teddy Bridgewater,Main-20-FD-07,6800,QB,CAR,18.3,0,0,49.5,21.3,7,19.16,1.046994536
Teddy Bridgewater,Main-20-FD-06,6900,QB,CAR,18.3,0,0,45,23.5,-2,11.44,0.625136612
Carson Wentz,Main-19-FD-17,7700,QB,PHI,18.3,0,0,44,24,-4,17.06,0.932240437
Kyler Murray,Main-19-FD-14,7500,QB,ARI,18.3,0,0,43.5,20.5,2.5,12.96,0.708196721
Ryan Tannehill,Main-19-FD-14,7300,QB,TEN,18.3,0,0,47,25,-3,28.54,1.559562842
Jameis Winston,Main-19-FD-05,7600,QB,TB,18.3,0,0,46,21.5,3,17.46,0.954098361
Drew Brees,Main-19-FD-02,8000,QB,NO,18.3,0,0,52.5,25.3,2,0.52,0.028415301
Kirk Cousins,Main-19-FD-01,7400,QB,MIN,18.3,0,0,47,25.3,-3.5,14.32,0.782513661
Philip Rivers,Main-19-FD-03,7500,QB,LAC,18.3,0,0,49,26,-3,19.62,1.072131148
Joe Burrow,Main-21-FD-01,7200,QB,CIN,18.2,3.5,0,48,22.5,3,18.64,1.024175824
Kirk Cousins,Main-21-FD-01,7200,QB,MIN,18.2,1.9,0,48,25.5,-3,22.04,1.210989011
Drew Brees,Main-20-FD-15,7500,QB,NO,18.2,0,0,52,24.5,3,20.36,1.118681319
Jared Goff,Main-20-FD-13,7200,QB,LAR,18.2,0,0,49,25.75,-2.5,24.14,1.326373626
Daniel Jones,Main-20-FD-05,7000,QB,NYG,18.2,0,0,52,22.3,7.5,8.18,0.449450549
Josh Allen,Main-19-FD-14,7800,QB,BUF,18.2,0,0,44,18.8,6.5,10.74,0.59010989
Kirk Cousins,Main-19-FD-09,7800,QB,MIN,18.2,0,0,46,25.8,-5.5,21.3,1.17032967
Deshaun Watson,Main-20-FD-03,8000,QB,HOU,18.2,0,0,46.5,21.5,3.5,18.06,0.992307692
Ryan Fitzpatrick,Main-21-FD-01,6600,QB,WAS,18.1,4.8,0,44.5,22.75,-1,0.72,0.039779006
Joe Burrow,Main-20-FD-05,7300,QB,CIN,18.1,0,0,49,18.3,12.5,5.32,0.293922652
Gardner Minshew II,Main-20-FD-04,7400,QB,JAC,18.1,0,0,50,24.5,1,21.94,1.212154696
Jimmy Garoppolo,Main-19-FD-11,8000,QB,SF,18.1,0,0,44,27,-10,31.66,1.749171271
Derek Carr,Main-19-FD-11,7400,QB,OAK,18.1,0,0,48,30.5,-13,20.78,1.148066298
Daniel Jones,Main-19-FD-07,7200,QB,NYG,18.1,0,0,49.5,26.5,-3.5,11.42,0.630939227
Matthew Stafford,Main-20-FD-03,7300,QB,DET,18.1,0,0,55.5,25.5,4.5,18.5,1.022099448
Philip Rivers,Main-20-FD-12,6800,QB,IND,18,0,0,51.5,27.3,-3,18.8,1.044444444
Tom Brady,Main-20-FD-04,7300,QB,TB,18,0,0,42.5,25,-7.5,33.46,1.858888889
Jimmy Garoppolo,Main-19-FD-01,7200,QB,SF,18,0,0,51,25,1,11.44,0.635555556
Carson Wentz,Main-20-FD-03,7600,QB,PHI,18,0,0,46.5,26,-5.5,23.5,1.305555556
Tom Brady,Main-20-FD-02,7600,QB,TB,18,0,2.57,47,27.3,-7.5,9.68,0.537777778
Matthew Stafford,Main-20-FD-14,7200,QB,DET,17.9,0,0,55.5,24,7.5,14.36,0.802234637
Philip Rivers,Main-20-FD-14,7000,QB,IND,17.9,0,0,52.5,27.75,-3,17.76,0.992178771
Tom Brady,Main-19-FD-14,7700,QB,NE,17.9,0,0,49.5,26.3,-3,11.76,0.65698324
Kyle Allen,Main-19-FD-04,6800,QB,CAR,17.9,0,0,47.5,21,5.5,3.28,0.183240223
Sam Darnold,Main-21-FD-01,6500,QB,CAR,17.8,1.9,0,45,25.25,-5.5,19.06,1.070786517
Matt Ryan,Main-20-FD-14,7300,QB,ATL,17.8,0,0,49,23.75,1.5,10.26,0.576404494
Teddy Bridgewater,Main-20-FD-12,7000,QB,CAR,17.8,0,0,50,23.5,3,14.88,0.835955056
Baker Mayfield,Main-20-FD-12,6900,QB,CLE,17.8,0,0,48.5,28,-7.5,18.42,1.034831461
Kirk Cousins,Main-20-FD-12,7100,QB,MIN,17.8,0,0,50,26.5,-3,26.18,1.470786517
Teddy Bridgewater,Main-20-FD-10,7000,QB,CAR,17.8,0,0,49.5,21.8,6,20.04,1.125842697
Drew Lock,Main-20-FD-10,7100,QB,DEN,17.8,0,0,50.5,23.5,3.5,10.98,0.616853933
Jared Goff,Main-20-FD-08,7300,QB,LAR,17.8,0,0,46.5,25,-3.5,12.2,0.685393258
Baker Mayfield,Main-20-FD-04,7000,QB,CLE,17.8,0,0,56.5,26.5,3.5,15.2,0.853932584
Dak Prescott,Main-19-FD-12,8100,QB,DAL,17.8,0,0,44.5,19.5,5.5,7.88,0.442696629
Gardner Minshew II,Main-19-FD-07,6900,QB,JAC,17.8,0,0,44.5,24.3,-4,21,1.179775281
Philip Rivers,Main-19-FD-01,7500,QB,LAC,17.8,0,0,44.5,25.3,-6,24.92,1.4
Joe Burrow,Main-20-FD-03,7400,QB,CIN,17.8,0,0,46.5,20.5,5.5,20.38,1.14494382
Baker Mayfield,Main-21-FD-01,7100,QB,CLE,17.7,3.2,0,53,23.5,6,13.64,0.770621469
Mitchell Trubisky,Main-20-FD-17,7300,QB,CHI,17.7,0,0,48.5,22,4.5,11.28,0.637288136
Drew Brees,Main-20-FD-17,7400,QB,NO,17.7,0,0,47,26.5,-6,20.04,1.13220339
Matt Ryan,Main-20-FD-16,7700,QB,ATL,17.7,0,0,54,21.5,11,19.9,1.124293785
Jimmy Garoppolo,Main-20-FD-08,6600,QB,SF,17.7,0,0,54.5,26.8,1,2.76,0.155932203
Jared Goff,Main-20-FD-05,7500,QB,LAR,17.7,0,0,45,26,-7,25.36,1.432768362
Josh Allen,Main-19-FD-12,7800,QB,BUF,17.7,0,0,37,20.3,-3.5,20,1.129943503
Baker Mayfield,Main-19-FD-12,7500,QB,CLE,17.7,0,0,45.5,28.3,-11,24.58,1.388700565
Kyler Murray,Main-19-FD-11,7600,QB,ARI,17.7,0,0,44,17,10,26.7,1.508474576
Matt Ryan,Main-19-FD-10,7500,QB,ATL,17.7,0,0,51.5,18.8,14,15.58,0.880225989
Philip Rivers,Main-19-FD-05,7700,QB,LAC,17.7,0,0,46,25,-4,6.14,0.346892655
Josh Allen,Main-19-FD-01,6900,QB,BUF,17.7,0,0,41,19.3,2.5,17.96,1.014689266
Jimmy Garoppolo,Main-19-FD-03,7200,QB,SF,17.7,0,0,44.5,25.3,-6,11.38,0.642937853
Tom Brady,Main-20-FD-01,7600,QB,TB,17.7,0,2.53,48.5,22,4.5,22.46,1.268926554
Jared Goff,Main-20-FD-16,7400,QB,LAR,17.6,0,0,48,23.3,1.5,10.66,0.605681818
Kirk Cousins,Main-20-FD-15,7200,QB,MIN,17.6,0,0,46,24.75,-3.5,20.34,1.155681818
Mitchell Trubisky,Main-20-FD-14,6800,QB,CHI,17.6,0,0,46,22.5,1,24.98,1.419318182
Matthew Stafford,Main-20-FD-10,7300,QB,DET,17.6,0,0,46,24.3,-2.5,23.04,1.309090909
Daniel Jones,Main-20-FD-10,6700,QB,NYG,17.6,0,0,46,20.5,5,22.16,1.259090909
Baker Mayfield,Main-20-FD-08,7200,QB,CLE,17.6,0,0,48,24.5,-1,7.78,0.442045455
Ben Roethlisberger,Main-20-FD-05,7400,QB,PIT,17.6,0,0,44,25.8,-7.5,21.36,1.213636364
Teddy Bridgewater,Main-20-FD-04,6800,QB,CAR,17.6,0,0,52.5,24.8,3,27.24,1.547727273
Ryan Fitzpatrick,Main-19-FD-15,7300,QB,MIA,17.6,0,0,47,21.8,3.5,20.46,1.1625
Carson Wentz,Main-19-FD-13,7300,QB,PHI,17.6,0,0,45,27.8,-10.5,25.4,1.443181818
Jeff Driskel,Main-19-FD-12,7300,QB,DET,17.6,0,0,39,21.5,-4,15.58,0.885227273
Jameis Winston,Main-19-FD-08,7400,QB,TB,17.6,0,0,45.5,21.8,2,21.34,1.2125
Gardner Minshew II,Main-19-FD-08,6900,QB,JAC,17.6,0,0,39.5,23.3,-7,23.96,1.361363636
Josh Allen,Main-19-FD-04,7400,QB,BUF,17.6,0,0,41.5,17.3,7,11.72,0.665909091
Jacoby Brissett,Main-19-FD-04,7300,QB,IND,17.6,0,0,46,25.8,-5.5,23.5,1.335227273
Philip Rivers,Main-19-FD-02,7700,QB,LAC,17.6,0,0,47,24,-1,11.92,0.677272727
Tom Brady,Main-20-FD-03,7300,QB,TB,17.6,0,0,42.5,24.3,-6,23.88,1.356818182
Jimmy Garoppolo,Main-20-FD-01,7400,QB,SF,17.6,0,2.51,49.5,28,-6.5,19.26,1.094318182
Kyler Murray,Main-20-FD-01,7700,QB,ARI,17.6,0,2.51,49.5,21.5,6.5,27.3,1.551136364
Carson Wentz,Main-20-FD-01,7700,QB,PHI,17.6,0,2.51,41.5,23.5,-5.5,15,0.852272727
Jimmy Garoppolo,Main-21-FD-01,6900,QB,SF,17.5,1.3,0,45.5,26.5,-7.5,14.76,0.843428571
Matt Ryan,Main-20-FD-17,7500,QB,ATL,17.5,0,0,51,21.8,7.5,22.7,1.297142857
Mitchell Trubisky,Main-20-FD-15,7000,QB,CHI,17.5,0,0,46,21.25,3.5,14.48,0.827428571
Derek Carr,Main-20-FD-14,7100,QB,LV,17.5,0,0,52.5,24.75,3,25.84,1.476571429
P.J. Walker,Main-20-FD-11,6500,QB,CAR,17.5,0,0,47,22,3,12.12,0.692571429
Baker Mayfield,Main-19-FD-15,7700,QB,CLE,17.5,0,0,49,26,-3,17.98,1.027428571
Ryan Fitzpatrick,Main-19-FD-14,7400,QB,MIA,17.5,0,0,47,21,5,15.3,0.874285714
Kyle Allen,Main-19-FD-11,7200,QB,CAR,17.5,0,0,49,26.3,-3.5,9.7,0.554285714
Derek Carr,Main-19-FD-09,7300,QB,OAK,17.5,0,0,51.5,27,-2.5,19.56,1.117714286
Andy Dalton,Main-19-FD-05,7500,QB,CIN,17.5,0,0,45,24,-3,18.98,1.084571429
Russell Wilson,Main-19-FD-02,7600,QB,SEA,17.5,0,0,47,21.5,4,24.2,1.382857143
Matthew Stafford,Main-19-FD-03,6900,QB,DET,17.5,0,0,45,20.5,4,12.14,0.693714286
Matthew Stafford,Main-20-FD-17,7200,QB,DET,17.4,0,0,54,25.5,3,23.62,1.357471264
Teddy Bridgewater,Main-20-FD-16,7100,QB,CAR,17.4,0,0,42,21.5,-1,9.58,0.550574713
Teddy Bridgewater,Main-20-FD-09,7300,QB,CAR,17.4,0,0,51.5,20.8,10,28.3,1.626436782
Cam Newton,Main-20-FD-08,7400,QB,NE,17.4,0,0,41,18.5,4,18.36,1.055172414
Derek Carr,Main-20-FD-08,7300,QB,LV,17.4,0,0,48,23.5,1,12.58,0.722988506
Matthew Stafford,Main-20-FD-08,7200,QB,DET,17.4,0,0,49,22.8,3.5,23.44,1.347126437
Kirk Cousins,Main-20-FD-08,7100,QB,MIN,17.4,0,0,47,20.8,5.5,10.4,0.597701149
Ryan Fitzpatrick,Main-20-FD-05,7100,QB,MIA,17.4,0,0,50.5,21,8.5,27.6,1.586206897
Kirk Cousins,Main-20-FD-04,6800,QB,MIN,17.4,0,0,52.5,24.5,3.5,14.9,0.856321839
Carson Wentz,Main-19-FD-16,7700,QB,PHI,17.4,0,0,47,22.5,2,18.96,1.089655172
Jared Goff,Main-19-FD-15,7800,QB,LAR,17.4,0,0,48.5,24.8,-1,18.56,1.066666667
Gardner Minshew II,Main-19-FD-06,6900,QB,JAC,17.4,0,0,42.5,22.5,-2.5,5.62,0.322988506
Aaron Rodgers,Main-19-FD-05,7800,QB,GB,17.4,0,0,46.5,21.5,3.5,9.42,0.54137931
Derek Carr,Main-19-FD-02,6600,QB,OAK,17.4,0,0,53.5,23.3,7,11.72,0.673563218
Andy Dalton,Main-20-FD-16,6900,QB,DAL,17.3,0,0,50,23.5,3,27.58,1.594219653
Tua Tagovailoa,Main-20-FD-11,6700,QB,MIA,17.3,0,0,46,25,-4,7.32,0.423121387
Derek Carr,Main-20-FD-04,6900,QB,LV,17.3,0,0,53,25,3,20.44,1.18150289
Tom Brady,Main-19-FD-12,7700,QB,NE,17.3,0,0,44.5,25,-5.5,11.3,0.653179191
Josh Allen,Main-19-FD-10,7500,QB,BUF,17.3,0,0,42,19.5,3,25.44,1.470520231
Kyler Murray,Main-19-FD-02,6500,QB,ARI,17.3,0,0,46,16.5,13,16.36,0.94566474
Nick Foles,Main-19-FD-01,6500,QB,JAC,17.3,0,0,49,22.8,3.5,7,0.404624277
Teddy Bridgewater,Main-20-FD-14,7000,QB,CAR,17.2,0,0,45,24.5,-4,20.42,1.187209302
Matthew Stafford,Main-20-FD-11,7500,QB,DET,17.2,0,0,47,25,-3,7.62,0.443023256
Jimmy Garoppolo,Main-20-FD-05,6700,QB,SF,17.2,0,0,50.5,29.5,-8.5,1.08,0.062790698
Daniel Jones,Main-19-FD-17,7500,QB,NYG,17.2,0,0,44,20,4,15.64,0.909302326
Carson Wentz,Main-19-FD-09,7400,QB,PHI,17.2,0,0,41,23,-5,15.06,0.875581395
Jacoby Brissett,Main-19-FD-03,6800,QB,IND,17.2,0,0,48,24.5,-1,20.8,1.209302326
Mitchell Trubisky,Main-20-FD-03,7500,QB,CHI,17.2,0,0,46,21.8,2.5,12.62,0.73372093
Baker Mayfield,Main-20-FD-17,7000,QB,CLE,17.1,0,0,45,27.8,-10.5,16.24,0.949707602
Kirk Cousins,Main-20-FD-11,7100,QB,MIN,17.1,0,0,50,28.5,-7,22.96,1.342690058
Alex Smith,Main-20-FD-11,6600,QB,WAS,17.1,0,0,48,25,-2,9.34,0.54619883
Carson Wentz,Main-20-FD-11,7400,QB,PHI,17.1,0,0,45.5,21.5,2.5,16.4,0.959064327
Philip Rivers,Main-20-FD-08,6900,QB,IND,17.1,0,0,49,26.3,-3.5,22.28,1.302923977
Ben Roethlisberger,Main-20-FD-08,7100,QB,PIT,17.1,0,0,44,20,4,15.28,0.893567251
Kyle Allen,Main-20-FD-07,6700,QB,WAS,17.1,0,0,44.5,21.8,1,16.86,0.985964912
Jimmy Garoppolo,Main-20-FD-07,6600,QB,SF,17.1,0,0,44,20.5,3,9.48,0.554385965
Philip Rivers,Main-19-FD-16,7500,QB,LAC,17.1,0,0,45,26.3,-7.5,11.16,0.652631579
Mitchell Trubisky,Main-19-FD-15,7500,QB,CHI,17.1,0,0,40,18,4,18.26,1.067836257
Jared Goff,Main-19-FD-13,7900,QB,LAR,17.1,0,0,47,24.8,-2.5,24.96,1.459649123
Ryan Tannehill,Main-19-FD-08,6900,QB,TEN,17.1,0,0,45.5,23.8,-2,19.42,1.135672515
Jacoby Brissett,Main-19-FD-08,7500,QB,IND,17.1,0,0,41,23.5,-6,9.48,0.554385965
Matthew Stafford,Main-20-FD-02,7200,QB,DET,17.1,0,2.44,51,22,7,17.16,1.003508772
Joe Burrow,Main-20-FD-01,6600,QB,CIN,17.1,0,2.85,41.5,19.5,2.5,17.32,1.012865497
Mitchell Trubisky,Main-20-FD-01,6900,QB,CHI,17.1,0,2.85,42.5,20,2.5,24.28,1.419883041
Tyrod Taylor,Main-20-FD-01,7000,QB,LAC,17.1,0,2.44,41.5,22,-2.5,9.02,0.52748538
Matthew Stafford,Main-20-FD-01,7300,QB,DET,17.1,0,2.44,42.5,22.5,-2.5,17.18,1.004678363
Jameis Winston,Main-21-FD-01,6700,QB,NO,17,4.2,0,50,22.75,4.5,29.62,1.742352941
Matt Ryan,Main-20-FD-15,7400,QB,ATL,17,0,0,48.5,21.25,6,27.84,1.637647059
Mitchell Trubisky,Main-20-FD-13,6900,QB,CHI,17,0,0,44,23.5,-3,13.28,0.781176471
Matt Ryan,Main-20-FD-13,7400,QB,ATL,17,0,0,46,21.75,2.5,12.92,0.76
Philip Rivers,Main-20-FD-11,7000,QB,IND,17,0,0,52,26.8,-1.5,22.42,1.318823529
Ryan Tannehill,Main-20-FD-11,7300,QB,TEN,17,0,0,50.5,22.3,6,22.86,1.344705882
Aaron Rodgers,Main-19-FD-15,8000,QB,GB,17,0,0,40,22,-4,14.42,0.848235294
Drew Brees,Main-19-FD-14,7700,QB,NO,17,0,0,45,23,-1,40.06,2.356470588
Philip Rivers,Main-19-FD-09,7200,QB,LAC,17,0,0,50,23,4,11.76,0.691764706
Daniel Jones,Main-19-FD-08,7000,QB,NYG,17,0,0,49,21.3,6.5,28.18,1.657647059
Daniel Jones,Main-19-FD-03,6000,QB,NYG,17,0,0,48,21.5,5,34.24,2.014117647
Philip Rivers,Main-20-FD-03,7000,QB,IND,17,0,0,44,28.3,-12.5,12.68,0.745882353
Ben Roethlisberger,Main-20-FD-02,7500,QB,PIT,17,0,2.43,41,23.5,-6,19.24,1.131764706
Derek Carr,Main-20-FD-01,7100,QB,LV,17,0,2.43,48,25.5,-3,13.56,0.797647059
Andy Dalton,Main-20-FD-17,7100,QB,DAL,16.9,0,0,44.5,23,-1.5,13.52,0.8
Cam Newton,Main-20-FD-17,7300,QB,NE,16.9,0,0,41,22,-3,37.98,2.247337278
Cam Newton,Main-20-FD-15,7300,QB,NE,16.9,0,0,41.5,20,1.5,12.16,0.719526627
Jalen Hurts,Main-20-FD-14,6600,QB,PHI,16.9,0,0,42.5,17.25,8,19.28,1.140828402
Tua Tagovailoa,Main-20-FD-13,6700,QB,MIA,16.9,0,0,43,26.75,-10.5,16.14,0.955029586
Baker Mayfield,Main-20-FD-13,7100,QB,CLE,16.9,0,0,54,25,4,28.96,1.713609467
Drew Lock,Main-20-FD-09,7200,QB,DEN,16.9,0,0,50,22.8,4.5,30.22,1.78816568
Jared Goff,Main-19-FD-17,7900,QB,LAR,16.9,0,0,46,26.5,-7,25.16,1.488757396
Andy Dalton,Main-19-FD-16,7100,QB,CIN,16.9,0,0,46,23.8,-1.5,33.84,2.002366864
Tom Brady,Main-19-FD-15,7600,QB,NE,16.9,0,0,42,26.3,-10.5,12.92,0.764497041
Jacoby Brissett,Main-19-FD-14,7400,QB,IND,16.9,0,0,46.5,21.8,3,22.64,1.33964497
Baker Mayfield,Main-19-FD-14,7600,QB,CLE,16.9,0,0,43,24.8,-6.5,12.98,0.768047337
Ryan Tannehill,Main-19-FD-13,7300,QB,TEN,16.9,0,0,41.5,21.3,-1,13.78,0.815384615
Derek Carr,Main-19-FD-12,7400,QB,OAK,16.9,0,0,45,24.3,-3.5,5.18,0.306508876
Daniel Jones,Main-19-FD-10,7400,QB,NYG,16.9,0,0,43,23,-3,30.32,1.79408284
Ryan Tannehill,Main-19-FD-10,7200,QB,TEN,16.9,0,0,49,22,5,18.94,1.120710059
Jared Goff,Main-19-FD-10,8100,QB,LAR,16.9,0,0,43,23.5,-4,5.72,0.338461538
Jared Goff,Main-20-FD-03,7200,QB,LAR,16.9,0,0,46.5,22.5,1.5,28.24,1.671005917
Gardner Minshew II,Main-20-FD-01,6700,QB,JAC,16.9,0,2.82,44,18.5,7,20.82,1.231952663
Philip Rivers,Main-20-FD-01,7100,QB,IND,16.9,0,2.41,44,25.5,-7,16.82,0.995266272
Aaron Rodgers,Main-20-FD-01,7500,QB,GB,16.9,0,2.41,44,21.5,1,30.76,1.820118343
Ben Roethlisberger,Main-21-FD-01,7100,QB,PIT,16.8,0.3,0,48.5,21,6.5,12.02,0.71547619
Zach Wilson,Main-21-FD-01,6500,QB,NYJ,16.8,3.1,0,45,19.75,5.5,19.32,1.15
Daniel Jones,Main-20-FD-09,6900,QB,NYG,16.8,0,0,43,20,3,12.88,0.766666667
Joe Burrow,Main-20-FD-06,7100,QB,CIN,16.8,0,0,46,19.3,7.5,17.72,1.054761905
Carson Wentz,Main-19-FD-15,7700,QB,PHI,16.8,0,0,38,22.5,-7,21.54,1.282142857
Kirk Cousins,Main-19-FD-15,7900,QB,MIN,16.8,0,0,45,23,-1,12.68,0.754761905
Sam Darnold,Main-19-FD-12,7400,QB,NYJ,16.8,0,0,45,20.8,3.5,28.2,1.678571429
Sam Darnold,Main-19-FD-09,7300,QB,NYJ,16.8,0,0,42.5,23,-3.5,13.5,0.803571429
Matthew Stafford,Main-19-FD-01,6600,QB,DET,16.8,0,0,45.5,24,-2.5,27.6,1.642857143
Matt Ryan,Main-19-FD-01,8000,QB,ATL,16.8,0,0,47,21.8,3.5,20.56,1.223809524
Ryan Tannehill,Main-20-FD-02,7000,QB,TEN,16.8,0,2.4,44.5,25.8,-7,26.76,1.592857143
Teddy Bridgewater,Main-20-FD-01,6800,QB,CAR,16.8,0,2.8,48,22.5,3,19.4,1.154761905
Andy Dalton,Main-20-FD-14,6800,QB,DAL,16.7,0,0,44,23.5,-3,15.3,0.916167665
Baker Mayfield,Main-20-FD-07,7000,QB,CLE,16.7,0,0,50,27.3,-4.5,30.78,1.843113772
Kyle Allen,Main-19-FD-15,7000,QB,CAR,16.7,0,0,48.5,21.3,6,14.58,0.873053892
Jimmy Garoppolo,Main-19-FD-02,7000,QB,SF,16.7,0,0,46,22.5,1,23.64,1.415568862
Kirk Cousins,Main-19-FD-03,7200,QB,MIN,16.7,0,0,43,25.8,-8.5,12.56,0.752095808
Kirk Cousins,Main-20-FD-01,7200,QB,MIN,16.7,0,2.39,44,22.5,-1,22.76,1.362874251
Carson Wentz,Main-21-FD-01,6500,QB,IND,16.6,2.1,0,49,23,3,18.34,1.104819277
Tua Tagovailoa,Main-21-FD-01,6600,QB,MIA,16.6,3.9,0,43.5,20.5,2.5,17.18,1.034939759
Matt Ryan,Main-19-FD-15,7600,QB,ATL,16.6,0,0,50,19.8,10.5,19.1,1.15060241
Jimmy Garoppolo,Main-19-FD-07,7500,QB,SF,16.6,0,0,39,24.5,-10,7.04,0.424096386
Jameis Winston,Main-19-FD-04,7500,QB,TB,16.6,0,0,48.5,19.8,9,30.3,1.825301205
Kyle Allen,Main-19-FD-03,6000,QB,CAR,16.6,0,0,46,21.8,2.5,24.34,1.46626506
Philip Rivers,Main-20-FD-02,7100,QB,IND,16.6,0,2.37,49,26.3,-3.5,11.86,0.714457831
Teddy Bridgewater,Main-21-FD-01,6600,QB,DEN,16.5,2.3,0,42.5,22.75,-3,20.46,1.24
Tyrod Taylor,Main-21-FD-01,6800,QB,HOU,16.5,6,0,44.5,20.75,3,23.64,1.432727273
Teddy Bridgewater,Main-20-FD-17,6900,QB,CAR,16.5,0,0,47,20.5,6,5.74,0.347878788
Drew Lock,Main-20-FD-16,6800,QB,DEN,16.5,0,0,47.5,22.5,2.5,16.06,0.973333333
Andy Dalton,Main-20-FD-11,6900,QB,DAL,16.5,0,0,50,21.5,7,19.82,1.201212121
Derek Carr,Main-20-FD-05,6900,QB,LV,16.5,0,0,54.5,21.8,11,24.98,1.513939394
Daniel Jones,Main-20-FD-04,6600,QB,NYG,16.5,0,0,50,18.3,13.5,11.1,0.672727273
Andy Dalton,Main-19-FD-17,6900,QB,CIN,16.5,0,0,44,20.8,2.5,17.6,1.066666667
Mitchell Trubisky,Main-19-FD-17,7400,QB,CHI,16.5,0,0,36.5,20.8,-5,6.38,0.386666667
Gardner Minshew II,Main-19-FD-16,6800,QB,JAC,16.5,0,0,48,20.3,7.5,14.84,0.899393939
Philip Rivers,Main-19-FD-15,7400,QB,LAC,16.5,0,0,45,22,1,11.28,0.683636364
Eli Manning,Main-19-FD-15,6800,QB,NYG,16.5,0,0,47,25.3,-3.5,16.32,0.989090909
Kyle Allen,Main-19-FD-14,7100,QB,CAR,16.5,0,0,48,22.3,3.5,20.12,1.219393939
Daniel Jones,Main-19-FD-13,7400,QB,NYG,16.5,0,0,43.5,18.5,6.5,11.2,0.678787879
Andy Dalton,Main-19-FD-02,7100,QB,CIN,16.5,0,0,46,23.5,-1,19.64,1.19030303
Mitchell Trubisky,Main-20-FD-02,7200,QB,CHI,16.5,0,2.36,42.5,23.5,-4.5,15.2,0.921212121
Jared Goff,Main-20-FD-02,7300,QB,LAR,16.5,0,2.36,46,22,2,23.98,1.453333333
Drew Lock,Main-20-FD-17,6800,QB,DEN,16.46,0,0,50.5,24,2.5,24.26,1.473876063
Mac Jones,Main-21-FD-01,6200,QB,NE,16.4,1.9,0,43.5,23,-2.5,15.24,0.929268293
Baker Mayfield,Main-20-FD-10,7000,QB,CLE,16.4,0,0,46,25.3,-4.5,5.38,0.32804878
Jacoby Brissett,Main-19-FD-16,7500,QB,IND,16.4,0,0,46,26.8,-7.5,15.16,0.924390244
Gardner Minshew II,Main-19-FD-15,6900,QB,JAC,16.4,0,0,47,20,7,18.74,1.142682927
Marcus Mariota,Main-19-FD-02,7400,QB,TEN,16.4,0,0,43.5,23.3,-3,13.36,0.814634146
Drew Brees,Main-20-FD-08,7600,QB,NO,16.3,0,0,41,23,-5,19.6,1.202453988
Derek Carr,Main-19-FD-15,7300,QB,OAK,16.3,0,0,47,27,-7,15.88,0.974233129
Jimmy Garoppolo,Main-19-FD-14,7800,QB,SF,16.3,0,0,45,22,1,29.06,1.782822086
Carson Wentz,Main-19-FD-12,7300,QB,PHI,16.3,0,0,45.5,22.3,1,10.94,0.671165644
Matt Moore,Main-19-FD-09,6500,QB,KC,16.3,0,0,46,20.3,5.5,15,0.920245399
Carson Wentz,Main-19-FD-08,7400,QB,PHI,16.3,0,0,39.5,19.3,1,14.38,0.882208589
Kirk Cousins,Main-19-FD-07,7300,QB,MIN,16.3,0,0,43.5,23,-2.5,29.18,1.790184049
Daniel Jones,Main-20-FD-03,6900,QB,NYG,16.3,0,0,44,20.5,3,9.06,0.555828221
Carson Wentz,Main-20-FD-02,7300,QB,PHI,16.3,0,2.33,46,24,-2,14.38,0.882208589
Ben Roethlisberger,Main-20-FD-16,7500,QB,PIT,16.2,0,0,43,21,1,25.48,1.572839506
Philip Rivers,Main-20-FD-16,7000,QB,IND,16.2,0,0,43,22,-1,11.8,0.728395062
Matthew Stafford,Main-20-FD-15,7300,QB,DET,16.2,0,0,51.5,20.3,11,15.28,0.943209877
Carson Wentz,Main-20-FD-06,7000,QB,PHI,16.2,0,0,46.5,18,10.5,29.42,1.816049383
Brian Hoyer,Main-19-FD-10,7100,QB,IND,16.2,0,0,44.5,27.8,-11,9.16,0.565432099
Derek Carr,Main-19-FD-08,6900,QB,OAK,16.2,0,0,52,23.5,5,23.4,1.444444444
Andy Dalton,Main-19-FD-07,6900,QB,CIN,16.2,0,0,44.5,20.3,4,21.34,1.317283951
Matthew Stafford,Main-19-FD-07,7300,QB,DET,16.2,0,0,43.5,20.5,2.5,29.56,1.824691358
Daniel Jones,Main-19-FD-05,7000,QB,NYG,16.2,0,0,44,19.3,5.5,11.48,0.708641975
Kirk Cousins,Main-19-FD-05,6800,QB,MIN,16.2,0,0,44,24.8,-5.5,20.54,1.267901235
Baker Mayfield,Main-19-FD-04,7500,QB,CLE,16.2,0,0,47,19.8,7.5,16.78,1.035802469
Baker Mayfield,Main-20-FD-03,7100,QB,CLE,16.2,0,0,45,26.3,-7.5,14.34,0.885185185
Carson Wentz,Main-20-FD-13,7300,QB,PHI,16.1,0,0,50,21,8,4.96,0.308074534
Baker Mayfield,Main-20-FD-06,7000,QB,CLE,16.1,0,0,50,23.5,3,7.26,0.450931677
Baker Mayfield,Main-19-FD-17,7400,QB,CLE,16.1,0,0,44,23.3,-2.5,23.06,1.432298137
Gardner Minshew II,Main-19-FD-17,6700,QB,JAC,16.1,0,0,41.5,18,5.5,25.5,1.583850932
Philip Rivers,Main-19-FD-14,7300,QB,LAC,16.1,0,0,42,22.8,-3.5,24.56,1.525465839
Matthew Stafford,Main-19-FD-02,7000,QB,DET,16.1,0,0,47,23,1,17.1,1.062111801
Marcus Mariota,Main-19-FD-01,6500,QB,TEN,16.1,0,0,44,19.3,5.5,24.32,1.510559006
Nick Mullens,Main-20-FD-03,6500,QB,SF,16.1,0,0,44,23.5,-3,17.72,1.100621118
Kirk Cousins,Main-20-FD-02,7400,QB,MIN,16.1,0,2.3,49,22.8,3.5,1.52,0.094409938
Daniel Jones,Main-21-FD-01,6700,QB,NYG,16,4.4,0,42.5,19.75,3,21.38,1.33625
Nick Foles,Main-20-FD-09,6800,QB,CHI,16,0,0,46.5,20,6.5,21.6,1.35
Philip Rivers,Main-20-FD-06,6800,QB,IND,16,0,0,46,26.8,-7.5,25.74,1.60875
Philip Rivers,Main-20-FD-05,6900,QB,IND,16,0,0,48.5,23.8,1,7.62,0.47625
Kirk Cousins,Main-19-FD-11,7700,QB,MIN,16,0,0,40.5,25.3,-10,22.86,1.42875
Jimmy Garoppolo,Main-19-FD-06,7200,QB,SF,16,0,0,49.5,23.3,3,13.12,0.82
Justin Herbert,Main-20-FD-03,7200,QB,LAC,16,0,0,43.5,24.8,-6,15.7,0.98125
Gardner Minshew II,Main-20-FD-02,7000,QB,JAC,16,0,2.29,44.5,18.8,7,25.46,1.59125
Tua Tagovailoa,Main-20-FD-17,6800,QB,MIA,15.9,0,0,42.5,23,-3.5,18.24,1.147169811
Sam Darnold,Main-20-FD-16,6700,QB,NYJ,15.9,0,0,45,19.3,6.5,17,1.06918239
Tua Tagovailoa,Main-20-FD-14,6600,QB,MIA,15.9,0,0,50.5,21.75,7,28.04,1.763522013
Mike Glennon,Main-20-FD-14,6600,QB,JAC,15.9,0,0,52,22.25,7.5,2.4,0.150943396
Tua Tagovailoa,Main-20-FD-09,6700,QB,MIA,15.9,0,0,49,21.8,5.5,21.42,1.347169811
Kyle Allen,Main-20-FD-09,6800,QB,WAS,15.9,0,0,43,23,-3,2.48,0.155974843
Gardner Minshew II,Main-19-FD-14,6600,QB,JAC,15.9,0,0,42,19.3,3.5,13.58,0.85408805
Jacoby Brissett,Main-19-FD-13,7200,QB,IND,15.9,0,0,41.5,20.3,1,14.66,0.922012579
Jacoby Brissett,Main-19-FD-11,7500,QB,IND,15.9,0,0,41.5,22,-2.5,16.12,1.013836478
Kirk Cousins,Main-19-FD-06,7000,QB,MIN,15.9,0,0,44,23.8,-3.5,28.32,1.781132075
Kyle Allen,Main-19-FD-05,6500,QB,CAR,15.9,0,0,41,22,-3,11.64,0.732075472
Kirk Cousins,Main-20-FD-03,7100,QB,MIN,15.9,0,0,49.5,23.3,3,21.44,1.348427673
Jimmy Garoppolo,Main-20-FD-02,7100,QB,SF,15.9,0,2.27,41.5,24.3,-7,13.24,0.832704403
Daniel Jones,Main-20-FD-17,7000,QB,NYG,15.8,0,0,44.5,21.5,1.5,15.86,1.003797468
Tua Tagovailoa,Main-20-FD-08,6800,QB,MIA,15.8,0,0,46.5,21.5,3.5,5.72,0.362025316
Daniel Jones,Main-19-FD-16,7300,QB,NYG,15.8,0,0,42,21.5,-1,35.28,2.232911392
Philip Rivers,Main-19-FD-07,7600,QB,LAC,15.8,0,0,42.5,19.8,3,21.16,1.339240506
Andy Dalton,Main-19-FD-06,7000,QB,CIN,15.8,0,0,47,18.3,10.5,14.6,0.924050633
Baker Mayfield,Main-19-FD-06,7400,QB,CLE,15.8,0,0,45.5,23.3,-1,22.46,1.421518987
Kirk Cousins,Main-19-FD-02,7300,QB,MIN,15.8,0,0,43,20,3,10.9,0.689873418
Jacoby Brissett,Main-19-FD-01,6000,QB,IND,15.8,0,0,44.5,19.3,6,16.5,1.044303797
John Wolford,Main-20-FD-17,6500,QB,LAR,15.7,0,0,42,21.5,-1,13.84,0.881528662
Gardner Minshew II,Main-20-FD-15,6600,QB,JAC,15.7,0,0,48,17.5,13,15.94,1.015286624
Philip Rivers,Main-20-FD-09,6900,QB,IND,15.7,0,0,48,24.5,-1,8.08,0.514649682
Derek Carr,Main-19-FD-14,7000,QB,OAK,15.7,0,0,47,22,3,20.22,1.287898089
Ryan Tannehill,Main-19-FD-12,7100,QB,TEN,15.7,0,0,42,23.3,-4.5,32.36,2.061146497
Case Keenum,Main-19-FD-06,6500,QB,WAS,15.7,0,0,42,24,-6,15.64,0.996178344
Marcus Mariota,Main-19-FD-04,6900,QB,TEN,15.7,0,0,46,21.3,3.5,23.28,1.482802548
Mason Rudolph,Main-19-FD-03,6600,QB,PIT,15.7,0,0,44.5,19.3,6,15.46,0.984713376
Andy Dalton,Main-20-FD-15,6700,QB,DAL,15.6,0,0,45,21,3,17.16,1.1
Daniel Jones,Main-20-FD-14,6800,QB,NYG,15.6,0,0,47,22.25,2.5,3.08,0.197435897
Matthew Stafford,Main-20-FD-13,6800,QB,DET,15.6,0,0,44,20.5,3,27.08,1.735897436
Jacoby Brissett,Main-19-FD-17,7300,QB,IND,15.6,0,0,41.5,23.5,-5.5,4.18,0.267948718
Teddy Bridgewater,Main-19-FD-06,7300,QB,NO,15.6,0,0,42.5,20,2.5,13.6,0.871794872
Drew Lock,Main-20-FD-14,6700,QB,DEN,15.5,0,0,45,20.5,4,25.6,1.651612903
Sam Darnold,Main-20-FD-12,6500,QB,NYJ,15.5,0,0,46,19.3,7.5,6.78,0.437419355
Jake Luton,Main-20-FD-09,6500,QB,JAC,15.5,0,0,49,21,7,22.46,1.449032258
Ryan Fitzpatrick,Main-19-FD-13,7100,QB,MIA,15.5,0,0,45,17.3,10.5,27.8,1.793548387
Jimmy Garoppolo,Main-19-FD-13,8000,QB,SF,15.5,0,0,45,19.8,5.5,9.1,0.587096774
Baker Mayfield,Main-19-FD-13,7600,QB,CLE,15.5,0,0,40,20.5,-1,9.04,0.583225806
Nick Foles,Main-19-FD-12,7200,QB,JAC,15.5,0,0,42,18.8,4.5,14.88,0.96
Gardner Minshew II,Main-19-FD-04,6700,QB,JAC,15.5,0,0,37,17.3,2.5,16.72,1.078709677
Jacoby Brissett,Main-19-FD-02,6000,QB,IND,15.5,0,0,43.5,20.3,3,17.34,1.118709677
Teddy Bridgewater,Main-20-FD-02,6900,QB,CAR,15.5,0,2.58,47,19.8,7.5,10.68,0.689032258
Carson Wentz,Main-19-FD-06,7500,QB,PHI,15.4,0,0,44,20.3,3.5,21.54,1.398701299
Mason Rudolph,Main-19-FD-05,6500,QB,PIT,15.4,0,0,44,20.3,3.5,9.24,0.6
Gardner Minshew II,Main-19-FD-05,6600,QB,JAC,15.4,0,0,41,19,3,21.16,1.374025974
Sam Darnold,Main-20-FD-17,6600,QB,NYJ,15.3,0,0,41,19,3,12.94,0.845751634
Sam Darnold,Main-20-FD-13,6500,QB,NYJ,15.3,0,0,48,20.25,7.5,21.04,1.375163399
Carson Wentz,Main-20-FD-05,7200,QB,PHI,15.3,0,0,44,18.3,7.5,19.42,1.269281046
Philip Rivers,Main-20-FD-04,6700,QB,IND,15.3,0,0,43.5,23.5,-3.5,11.2,0.732026144
Kyle Allen,Main-19-FD-13,7200,QB,CAR,15.3,0,0,38.5,24.5,-10.5,24.32,1.589542484
Kyle Allen,Main-19-FD-10,7000,QB,CAR,15.3,0,0,49,22,5,14.48,0.946405229
Teddy Bridgewater,Main-19-FD-05,7200,QB,NO,15.3,0,0,46,24.5,-3,28.26,1.847058824
Chase Daniel,Main-19-FD-05,6500,QB,CHI,15.3,0,0,39.5,23,-6.5,15.44,1.009150327
Mitchell Trubisky,Main-19-FD-02,6800,QB,CHI,15.3,0,0,41,22,-3,5.6,0.366013072
Derek Carr,Main-20-FD-03,6800,QB,LV,15.3,0,0,47,20,7,15.44,1.009150327
Baker Mayfield,Main-20-FD-16,7600,QB,CLE,15.2,0,0,45,25.8,-6.5,8,0.526315789
Nick Mullens,Main-20-FD-14,6700,QB,SF,15.2,0,0,43.5,23.25,-3,13.4,0.881578947
Nick Foles,Main-20-FD-08,6700,QB,CHI,15.2,0,0,41,18,5,17.88,1.176315789
Nick Foles,Main-19-FD-11,7000,QB,JAC,15.2,0,0,41.5,19.5,2.5,18.84,1.239473684
Jacoby Brissett,Main-19-FD-09,7300,QB,IND,15.2,0,0,39.5,19.3,1,2.76,0.181578947
Devlin Hodges,Main-19-FD-14,7000,QB,PIT,15.1,0,0,43.5,23,-2.5,13.48,0.892715232
Andy Dalton,Main-19-FD-13,6000,QB,CIN,15.1,0,0,43,20.3,2.5,13.32,0.882119205
Derek Carr,Main-19-FD-13,7200,QB,OAK,15.1,0,0,49.5,19,11.5,11.58,0.766887417
Ryan Fitzpatrick,Main-19-FD-12,7100,QB,MIA,15.1,0,0,45.5,17.3,11,25.06,1.659602649
Ryan Fitzpatrick,Main-20-FD-01,6400,QB,MIA,15.1,0,2.52,41.5,17,7.5,8.44,0.558940397
Baker Mayfield,Main-20-FD-01,7000,QB,CLE,15.1,0,2.16,47,20,7,10.86,0.719205298
Tua Tagovailoa,Main-20-FD-15,6800,QB,MIA,15,0,0,41.5,21.5,-1.5,19.7,1.313333333
Philip Rivers,Main-19-FD-08,7300,QB,LAC,15,0,0,41,18.8,3.5,11.04,0.736
Case Keenum,Main-19-FD-02,6900,QB,WAS,15,0,0,46.5,20.3,6,16.74,1.116
Daniel Jones,Main-20-FD-02,6900,QB,NYG,15,0,2.5,42.5,19,4.5,8.74,0.582666667
Alex Smith,Main-20-FD-10,6500,QB,WAS,14.9,0,0,46,21.8,2.5,16,1.073825503
Nick Foles,Main-20-FD-06,6900,QB,CHI,14.9,0,0,45,21.5,2,17.32,1.162416107
Andy Dalton,Main-19-FD-14,7000,QB,CIN,14.9,0,0,43,18.3,6.5,10.58,0.710067114
Jeff Driskel,Main-19-FD-11,6700,QB,DET,14.9,0,0,46.5,19.5,7.5,27.46,1.84295302
Sam Darnold,Main-19-FD-10,7200,QB,NYJ,14.9,0,0,43,20,3,21.7,1.456375839
Andy Dalton,Main-19-FD-08,6900,QB,CIN,14.9,0,0,48.5,18.3,12,17.66,1.185234899
Marcus Mariota,Main-19-FD-05,6900,QB,TEN,14.9,0,0,39.5,21.5,-3.5,8.62,0.57852349
Case Keenum,Main-19-FD-04,7200,QB,WAS,14.9,0,0,48,22.5,3,0.48,0.032214765
Chad Henne,Main-20-FD-17,6400,QB,KC,14.8,0,0,43,18,7,16.72,1.12972973
Baker Mayfield,Main-20-FD-05,6800,QB,CLE,14.8,0,0,48.5,24.8,-1,17.58,1.187837838
Drew Lock,Main-19-FD-17,7100,QB,DEN,14.8,0,0,41.5,23.5,-5.5,11.98,0.809459459
Carson Wentz,Main-19-FD-11,7000,QB,PHI,14.8,0,0,45,20.3,4.5,12.26,0.828378378
Mason Rudolph,Main-19-FD-09,6800,QB,PIT,14.8,0,0,39.5,20.3,-1,11.14,0.752702703
Jimmy Garoppolo,Main-19-FD-08,7400,QB,SF,14.8,0,0,41,22.8,-4.5,14,0.945945946
Sam Darnold,Main-19-FD-08,7400,QB,NYJ,14.8,0,0,39.5,16.3,7,15.62,1.055405405
Joe Flacco,Main-19-FD-05,6600,QB,DEN,14.8,0,0,46,21,4,8.98,0.606756757
Dwayne Haskins Jr.,Main-20-FD-02,6500,QB,WAS,14.8,0,2.47,46.5,19.5,7.5,11.72,0.791891892
Nick Mullens,Main-20-FD-15,6800,QB,SF,14.7,0,0,45,24,-3,13.46,0.915646259
Jake Luton,Main-20-FD-11,6500,QB,JAC,14.7,0,0,47,18,11,2.04,0.13877551
Joe Flacco,Main-20-FD-11,6100,QB,NYJ,14.7,0,0,47,18.5,10,15.4,1.047619048
Baker Mayfield,Main-20-FD-11,7000,QB,CLE,14.7,0,0,45.5,24,-2.5,7.06,0.480272109
Philip Rivers,Main-19-FD-13,7300,QB,LAC,14.7,0,0,39,21.8,-4.5,17.6,1.197278912
Daniel Jones,Main-19-FD-12,7500,QB,NYG,14.7,0,0,41,17.5,6,14.7,1
Ryan Finley,Main-19-FD-11,6300,QB,CIN,14.7,0,0,48,17.5,13,6.3,0.428571429
Derek Carr,Main-19-FD-07,6500,QB,OAK,14.7,0,0,48,21.3,5.5,16.72,1.137414966
Brandon Allen,Main-20-FD-12,6000,QB,CIN,14.6,0,0,45,19.3,6.5,7.14,0.489041096
Sam Darnold,Main-20-FD-07,6700,QB,NYJ,14.6,0,0,47,18.8,9.5,2.8,0.191780822
Kyle Allen,Main-20-FD-06,6400,QB,WAS,14.6,0,0,42.5,20.3,2,17,1.164383562
David Blough,Main-19-FD-15,7300,QB,DET,14.6,0,0,46,20.3,5.5,10.3,0.705479452
Sam Darnold,Main-19-FD-11,7300,QB,NYJ,14.6,0,0,37.5,18.3,1,26.42,1.809589041
Ryan Fitzpatrick,Main-20-FD-02,6500,QB,MIA,14.6,0,2.43,42.5,18.5,5.5,24.32,1.665753425
Drew Lock,Main-19-FD-16,7300,QB,DEN,14.5,0,0,40,24.8,-9.5,12.68,0.874482759
Jared Goff,Main-21-FD-01,6500,QB,DET,14.4,1.4,0,45.5,19,7.5,29.92,2.077777778
Nick Foles,Main-20-FD-04,7100,QB,CHI,14.4,0,0,43.5,20,3.5,12.86,0.893055556
Ryan Fitzpatrick,Main-19-FD-10,7100,QB,MIA,14.4,0,0,44.5,16.8,11,14.06,0.976388889
Sam Darnold,Main-19-FD-01,6700,QB,NYJ,14.4,0,0,41,21.8,-2.5,13,0.902777778
Mike Glennon,Main-20-FD-13,6800,QB,JAC,14.3,0,0,51,20.25,10.5,14.1,0.986013986
Philip Rivers,Main-19-FD-17,7400,QB,LAC,14.3,0,0,46,18,10,17.74,1.240559441
Mason Rudolph,Main-19-FD-12,6900,QB,PIT,14.3,0,0,37.5,21.5,-5.5,2.9,0.202797203
Mitchell Trubisky,Main-19-FD-09,6500,QB,CHI,14.3,0,0,41,18,5,6.5,0.454545455
Dwayne Haskins Jr.,Main-20-FD-01,6500,QB,WAS,14.3,0,2.38,41.5,18,5.5,12.82,0.896503497
C.J. Beathard,Main-20-FD-17,6600,QB,SF,14.2,0,0,45,19,7,13.92,0.98028169
Sam Darnold,Main-20-FD-14,7000,QB,NYJ,14.2,0,0,48,16.5,15,5.58,0.392957746
Nick Mullens,Main-20-FD-10,6600,QB,SF,14.2,0,0,49.5,20,9.5,12.18,0.857746479
Will Grier,Main-19-FD-16,6000,QB,CAR,14.2,0,0,46,19.3,7.5,7.66,0.53943662
Dwayne Haskins Jr.,Main-19-FD-16,7000,QB,WAS,14.2,0,0,42,20.5,1,13.32,0.938028169
Derek Carr,Main-19-FD-16,7300,QB,OAK,14.2,0,0,45,18.8,7.5,21.94,1.545070423
Ryan Tannehill,Main-19-FD-09,7100,QB,TEN,14.2,0,0,43,19.8,3.5,25.04,1.763380282
Ryan Tannehill,Main-19-FD-07,6400,QB,TEN,14.2,0,0,42.5,22.8,-3,20.18,1.421126761
Marcus Mariota,Main-19-FD-06,6500,QB,TEN,14.2,0,0,41,20,1,0.92,0.064788732
Andy Dalton,Main-19-FD-03,7100,QB,CIN,14.2,0,0,43.5,19,5.5,18.1,1.274647887
Teddy Bridgewater,Main-20-FD-03,6700,QB,CAR,14.2,0,0,43.5,18.8,6,14.6,1.028169014
Ryan Fitzpatrick,Main-19-FD-17,7400,QB,MIA,14.1,0,0,46,14.3,17.5,24.3,1.723404255
Mitchell Trubisky,Main-19-FD-10,6500,QB,CHI,14.1,0,0,38,22.5,-7,19.72,1.39858156
Kyle Allen,Main-19-FD-09,6800,QB,CAR,14.1,0,0,43,23.3,-3.5,15.88,1.126241135
Mitchell Trubisky,Main-19-FD-04,6800,QB,CHI,14.1,0,0,38,18.5,1,0.36,0.025531915
Drew Lock,Main-20-FD-11,6800,QB,DEN,14,0,0,46,21,4,12.1,0.864285714
Joe Flacco,Main-20-FD-06,6500,QB,NYJ,14,0,0,46,18,10,6.44,0.46
Joe Flacco,Main-20-FD-05,6000,QB,NYJ,14,0,0,48.5,20.8,7,13.8,0.985714286
Kyle Allen,Main-20-FD-05,6000,QB,WAS,14,0,0,45,19,7,9.66,0.69
Baker Mayfield,Main-19-FD-16,7400,QB,CLE,14,0,0,48.5,19.5,9.5,15.08,1.077142857
Mitchell Trubisky,Main-19-FD-08,6700,QB,CHI,14,0,0,41,22.3,-3.5,8.12,0.58
Mitchell Trubisky,Main-19-FD-07,6800,QB,CHI,14,0,0,37,20.5,-4,20.04,1.431428571
Derek Carr,Main-19-FD-04,6800,QB,OAK,14,0,0,46,20.3,5.5,13.46,0.961428571
Dwayne Haskins Jr.,Main-20-FD-04,6500,QB,WAS,13.9,0,0,45,15.3,14.5,18.86,1.356834532
Justin Herbert,Main-20-FD-04,6700,QB,LAC,13.9,0,0,42.5,17.5,7.5,24,1.726618705
Sam Darnold,Main-19-FD-17,7200,QB,NYJ,13.9,0,0,37,19,-1,10.76,0.774100719
Devlin Hodges,Main-19-FD-16,6900,QB,PIT,13.9,0,0,36.5,19.8,-3,1.36,0.097841727
Dwayne Haskins Jr.,Main-20-FD-03,6600,QB,WAS,13.9,0,0,45,18.8,7.5,12.16,0.874820144
Alex Smith,Main-20-FD-14,6600,QB,WAS,13.8,0,0,43.5,20.25,3,1.28,0.092753623
Jake Luton,Main-20-FD-10,6700,QB,JAC,13.8,0,0,47,16.8,13.5,9.76,0.707246377
Drew Lock,Main-20-FD-08,7000,QB,DEN,13.8,0,0,44.5,20.8,3,20.82,1.508695652
Mitchell Trubisky,Main-19-FD-12,7000,QB,CHI,13.8,0,0,41,23.5,-6,20.92,1.515942029
Baker Mayfield,Main-19-FD-10,7100,QB,CLE,13.8,0,0,42,22.5,-3,17.62,1.276811594
Derek Carr,Main-19-FD-17,7300,QB,OAK,13.7,0,0,41.5,18,5.5,19.64,1.433576642
Garrett Gilbert,Main-20-FD-09,6300,QB,DAL,13.6,0,0,44,15,14,15.52,1.141176471
Joe Flacco,Main-19-FD-04,6400,QB,DEN,13.6,0,0,37,19.8,-2.5,23.02,1.692647059
Case Keenum,Main-19-FD-01,6200,QB,WAS,13.6,0,0,44,16.8,10.5,27.2,2
Dwayne Haskins Jr.,Main-20-FD-15,6500,QB,WAS,13.5,0,0,43.5,19,6.5,16.6,1.22962963
Drew Lock,Main-19-FD-15,7400,QB,DEN,13.5,0,0,43,16.5,10,7.62,0.564444444
Kyle Allen,Main-19-FD-12,6600,QB,CAR,13.5,0,0,46,18,10,23.14,1.714074074
Josh Rosen,Main-19-FD-06,6400,QB,MIA,13.5,0,0,42,18,6,1.4,0.103703704
Ryan Finley,Main-20-FD-14,6500,QB,CIN,13.4,0,0,44,20.5,3,0.2,0.014925373
Eli Manning,Main-19-FD-01,6400,QB,NYG,13.4,0,0,44,18.5,7,14.84,1.107462687
Andy Dalton,Main-19-FD-01,6500,QB,CIN,13.4,0,0,44,17.3,9.5,20.72,1.546268657
Brandon Allen,Main-20-FD-16,6600,QB,CIN,13.3,0,0,46,19.3,7.5,23.14,1.739849624
Kyler Murray,Main-19-FD-17,7700,QB,ARI,13.3,0,0,46,19.5,7,15,1.127819549
Dwayne Haskins Jr.,Main-19-FD-12,6700,QB,WAS,13.3,0,0,39,17.5,4,6.04,0.454135338
Mason Rudolph,Main-19-FD-10,6800,QB,PIT,13.3,0,0,43,19.5,4,13.58,1.021052632
Mike Glennon,Main-20-FD-17,6700,QB,JAC,13.2,0,0,48,16.3,15.5,16.64,1.260606061
Daniel Jones,Main-20-FD-16,6500,QB,NYG,13.2,0,0,43.5,16.8,10,14.38,1.089393939
AJ McCarron,Main-19-FD-17,6000,QB,HOU,13.2,0,0,43,16.5,10,17.9,1.356060606
Nick Mullens,Main-20-FD-12,6600,QB,SF,13.1,0,0,44.5,19.8,5,9.08,0.693129771
Drew Lock,Main-20-FD-07,6900,QB,DEN,13.1,0,0,46,19.5,7,14.96,1.141984733
Devlin Hodges,Main-19-FD-17,6500,QB,PIT,13.1,0,0,35,18.5,-2,1.7,0.129770992
Devlin Hodges,Main-19-FD-13,6800,QB,PIT,13.1,0,0,40,19.5,1,11.68,0.891603053
Ryan Fitzpatrick,Main-19-FD-11,7100,QB,MIA,13.1,0,0,41.5,17.3,7,12.92,0.986259542
Ryan Fitzpatrick,Main-19-FD-09,7000,QB,MIA,13.1,0,0,42.5,19.5,3.5,23.72,1.810687023
Joe Flacco,Main-19-FD-08,6500,QB,DEN,13.1,0,0,41,17.5,6,7.86,0.6
Joe Flacco,Main-19-FD-06,6600,QB,DEN,13.1,0,0,41,21,-1,5.98,0.45648855
Sam Darnold,Main-19-FD-16,7400,QB,NYJ,13,0,0,36.5,16.8,3,9.62,0.74
Ryan Finley,Main-19-FD-10,6300,QB,CIN,13,0,0,44,16.8,10.5,9.88,0.76
Jeff Driskel,Main-20-FD-03,6500,QB,DEN,13,0,0,42.5,18.3,6,11.44,0.88
Mike Glennon,Main-20-FD-16,6500,QB,JAC,12.9,0,0,47,18.8,9.5,14.44,1.119379845
Teddy Bridgewater,Main-19-FD-03,6800,QB,NO,12.9,0,0,44,19.5,5,16.28,1.262015504
Brandon Allen,Main-20-FD-13,6000,QB,CIN,12.8,0,0,43,16.25,10.5,9.42,0.7359375
Robert Griffin III,Main-19-FD-17,7000,QB,BAL,12.8,0,0,35,16.5,2,7.84,0.6125
Baker Mayfield,Main-19-FD-09,7200,QB,CLE,12.8,0,0,39,21.5,-4,17.12,1.3375
Gardner Minshew II,Main-19-FD-02,6400,QB,JAC,12.8,0,0,43,17.8,7.5,16.12,1.259375
Mike Glennon,Main-20-FD-12,6200,QB,JAC,12.7,0,0,48.5,20.5,7.5,18,1.417322835
Sam Darnold,Main-19-FD-06,6700,QB,NYJ,12.7,0,0,43.5,18.3,7,20.62,1.623622047
Brandon Allen,Main-20-FD-17,6800,QB,CIN,12.6,0,0,46,16.3,13.5,0.12,0.00952381
Derek Carr,Main-19-FD-03,6700,QB,OAK,12.6,0,0,43,17.3,8.5,16.68,1.323809524
Teddy Bridgewater,Main-19-FD-07,7000,QB,NO,12.5,0,0,37,16.5,4,19.94,1.5952
Drew Lock,Main-20-FD-06,6700,QB,DEN,12.4,0,0,43.5,18.3,7,5.46,0.440322581
Sam Darnold,Main-20-FD-01,6800,QB,NYJ,12.4,0,2.07,39.5,16.5,6.5,12.2,0.983870968
Colt McCoy,Main-20-FD-13,6500,QB,NYG,12.3,0,0,48.5,18.75,11,9.4,0.764227642
David Blough,Main-19-FD-14,6900,QB,DET,12.3,0,0,43.5,15.8,12,10.2,0.829268293
Dwayne Haskins Jr.,Main-19-FD-11,6500,QB,WAS,12.3,0,0,37.5,19.3,-1,18.06,1.468292683
Kyle Allen,Main-19-FD-08,7000,QB,CAR,12.3,0,0,41,18.3,4.5,3.32,0.269918699
Sam Darnold,Main-20-FD-02,6600,QB,NYJ,12.3,0,2.05,41.5,17.3,7,11.86,0.964227642
Drew Lock,Main-19-FD-14,6800,QB,DEN,12.2,0,0,42.5,17.3,8,24.86,2.037704918
Joe Flacco,Main-19-FD-03,6400,QB,DEN,12.2,0,0,42,17.5,7,6.02,0.493442623
Joe Flacco,Main-19-FD-02,6400,QB,DEN,12.1,0,0,41,19,3,16.68,1.378512397
Mason Rudolph,Main-20-FD-17,6500,QB,PIT,12,0,0,45,17.3,10.5,19.7,1.641666667
Case Keenum,Main-19-FD-17,6800,QB,WAS,12,0,0,47.5,17.3,13,11.24,0.936666667
David Blough,Main-19-FD-17,6600,QB,DET,11.9,0,0,44,15.3,13.5,13.38,1.124369748
Drew Lock,Main-19-FD-13,6000,QB,DEN,11.9,0,0,39,17.3,4.5,13.86,1.164705882
Colt McCoy,Main-19-FD-05,6000,QB,WAS,11.9,0,0,42,13.3,15.5,5.28,0.443697479
Derek Carr,Main-19-FD-05,6600,QB,OAK,11.9,0,0,39.5,16.5,6.5,7.96,0.668907563
Andy Dalton,Main-19-FD-15,6500,QB,CIN,11.8,0,0,42,15.8,10.5,6.14,0.520338983
Ryan Finley,Main-19-FD-12,6300,QB,CIN,11.8,0,0,37.5,16,5.5,10.48,0.888135593
Sam Darnold,Main-20-FD-15,6600,QB,NYJ,11.6,0,0,44,13.25,17.5,14.08,1.213793103
David Blough,Main-19-FD-16,6600,QB,DET,11.6,0,0,40,15.3,9.5,8.68,0.748275862
Brandon Allen,Main-19-FD-12,6600,QB,DEN,11.6,0,0,37,16.8,3.5,3.08,0.265517241
Eli Manning,Main-19-FD-02,6400,QB,NYG,11.6,0,0,44.5,21.8,1,12.2,1.051724138
Sam Darnold,Main-20-FD-03,6600,QB,NYJ,11.6,0,0,44,15.8,12.5,9.72,0.837931034
Sam Darnold,Main-20-FD-08,6500,QB,NYJ,11.5,0,0,49,14.5,20,7.42,0.645217391
Luke Falk,Main-19-FD-05,6200,QB,NYJ,11.5,0,0,43,14.5,14,0.8,0.069565217
Ryan Fitzpatrick,Main-19-FD-02,6200,QB,MIA,11.5,0,0,48.5,15.3,18,1.16,0.100869565
Dwayne Haskins Jr.,Main-19-FD-15,6600,QB,WAS,11.4,0,0,38,15.5,7,19.04,1.670175439
Dwayne Haskins Jr.,Main-19-FD-13,6500,QB,WAS,11.4,0,0,38.5,14,10.5,6.48,0.568421053
Baker Mayfield,Main-19-FD-08,7300,QB,CLE,11.4,0,0,43,16.8,9.5,12.56,1.101754386
Josh Rosen,Main-19-FD-04,6200,QB,MIA,11.4,0,0,43.5,14.3,15,10.2,0.894736842
Sean Mannion,Main-19-FD-17,6000,QB,MIN,10.9,0,0,36.5,15.8,5,1.04,0.095412844
Brandon Allen,Main-19-FD-11,6800,QB,DEN,10.8,0,0,40.5,15.3,10,14.4,1.333333333
Brandon Allen,Main-19-FD-09,6000,QB,DEN,10.8,0,0,39,17.5,4,17.02,1.575925926
Dwayne Haskins Jr.,Main-19-FD-14,6500,QB,WAS,10.7,0,0,42.5,14.8,13,9.7,0.906542056
Case Keenum,Main-19-FD-07,6600,QB,WAS,10.6,0,0,39,14.5,10,3.08,0.290566038
Kirk Cousins,Main-19-FD-04,6900,QB,MIN,10.6,0,0,38,19.5,-1,7.32,0.690566038
Josh Rosen,Main-19-FD-03,6000,QB,MIA,10.1,0,0,46.5,12.3,22,9.3,0.920792079
Luke Falk,Main-19-FD-03,6000,QB,NYJ,10,0,0,43,11.3,20.5,2.92,0.292