,start_lap,end_lap,reason,comment,race_name,series
0,37,40,Competition,Competition ,Drydene 400,1
1,121,129,Debris,Debris Turn 1 / Stage 1 Conclusion,Drydene 400,1
2,172,176,Accident,#77 Incident Turn 2,Drydene 400,1
3,242,248,Competition,Stage 2 Conclusion,Drydene 400,1
4,303,308,Accident,#10 Incident Turn 4,Drydene 400,1
5,315,319,Accident,"#2, 38, 47 Incident Turn 2",Drydene 400,1
6,326,330,Debris,Debris On Fronstretch,Drydene 400,1
7,11,15,Weather,Weather (Red Flag:15:46),Hollywood Casino 400,1
8,24,27,Accident,#18 Incident in Turn 1 ,Hollywood Casino 400,1
9,82,86,Competition,Stage 1 Conclusion,Hollywood Casino 400,1
10,162,167,Competition,Stage 2 Conclusion,Hollywood Casino 400,1
11,174,178,Accident,#38 Incident on the Frontstretch,Hollywood Casino 400,1
12,219,222,Spin,#6 Spin in Turn 2,Hollywood Casino 400,1
13,225,228,Accident,#3 and 12 Incident in Turn 2,Hollywood Casino 400,1
14,9,10,Accident,#45 Incident Turn 1,United Rentals 176,3
15,22,23,Competition,Stage 1 Conclusion,United Rentals 176,3
16,47,49,Competition,Stage 2 Conclusion,United Rentals 176,3
17,55,56,Accident,"#19, #23 Incident Inner Loop",United Rentals 176,3
18,61,61,Unknown,Lightning,United Rentals 176,3
19,13,18,Accident,#45 Incident Frontstretch,Lucas Oil 150,3
20,47,53,Competition,Stage 1 Conclusion,Lucas Oil 150,3
21,92,99,Competition,Stage 2 Conclusion,Lucas Oil 150,3
22,102,105,Unknown,#12 Stopped On Track,Lucas Oil 150,3
23,22,25,Competition,Competition Caution,Andy’s Frozen Custard 335,2
24,27,30,Unknown,#4 Stalled Turn 4,Andy’s Frozen Custard 335,2
25,41,44,Unknown,#17 Stalled Turn 4,Andy’s Frozen Custard 335,2
26,47,51,Competition,Stage 1 Conclusion,Andy’s Frozen Custard 335,2
27,56,61,Debris,Debris on track,Andy’s Frozen Custard 335,2
28,65,68,Spin,#39 Spin Turn 2,Andy’s Frozen Custard 335,2
29,92,97,Competition,Stage 2 Conclusion,Andy’s Frozen Custard 335,2
30,101,108,Accident,"#23, 26, 48 Incident Turn 2",Andy’s Frozen Custard 335,2
31,143,149,Spin,#74 Spin Frontstretch,Andy’s Frozen Custard 335,2
32,174,179,Accident,#68 Incident Backstretch,Andy’s Frozen Custard 335,2
33,69,76,Unknown,#9 Fire,Call 811 Before You Dig 200 presented by Arizona 811,2
34,92,98,Competition,Stage 2 Conclusion,Call 811 Before You Dig 200 presented by Arizona 811,2
35,125,129,Accident,"#44, 6 Incident Turn 2",Call 811 Before You Dig 200 presented by Arizona 811,2
36,133,137,Spin,#20 Spin Turn 2,Call 811 Before You Dig 200 presented by Arizona 811,2
37,141,144,Spin,#02 Spin Frontstretch,Call 811 Before You Dig 200 presented by Arizona 811,2
38,149,154,Accident,"#8, #23 Incident Backstretch",Call 811 Before You Dig 200 presented by Arizona 811,2
39,167,171,Accident,"#16, #19 Incident Backstretch",Call 811 Before You Dig 200 presented by Arizona 811,2
40,193,198,Accident,#36 Incident Turn 4,Call 811 Before You Dig 200 presented by Arizona 811,2
41,5,7,Accident,#6 Incident Turn 5,Skrewball Peanut Butter Whiskey 200,2
42,12,12,Competition,Competition Caution,Skrewball Peanut Butter Whiskey 200,2
43,22,24,Competition,Stage 1 Conclusion,Skrewball Peanut Butter Whiskey 200,2
44,35,36,Unknown,#36 Stopped on Track,Skrewball Peanut Butter Whiskey 200,2
45,42,43,Competition,Stage 2 Conclusion,Skrewball Peanut Butter Whiskey 200,2
46,50,50,Accident,#5 Incident Turn 5,Skrewball Peanut Butter Whiskey 200,2
47,69,70,Accident,#31 Incident Turn 6,Skrewball Peanut Butter Whiskey 200,2
48,78,78,Unknown,#47 Stopped on Track,Skrewball Peanut Butter Whiskey 200,2
49,27,29,Competition,Competition Caution,Quaker State 400 presented by Walmart,1
50,32,35,Accident,"#47, 99, 51 Incident Backstretch",Quaker State 400 presented by Walmart,1
51,82,86,Competition,Stage 1 Conclusion,Quaker State 400 presented by Walmart,1
52,162,170,Competition,Stage 2 Conclusion/Track Repair Frontstretch [Red Flag: 19:04],Quaker State 400 presented by Walmart,1
53,3,6,Spin,#04 Spin Turn 4,Bucked Up 200,3
54,32,36,Competition,Stage 1 Conclusion,Bucked Up 200,3
55,62,67,Competition,Stage 2 Conclusion,Bucked Up 200,3
56,70,75,Accident,"#44, 56, 2 Incident Turn 1",Bucked Up 200,3
57,80,83,Accident,#18 Incident Turn 2,Bucked Up 200,3
58,90,95,Spin,#51 Spin Turn 2,Bucked Up 200,3
59,98,103,Accident,"#1, 2, 17, 22, 24, 32, 40 Incident Turn 1",Bucked Up 200,3
60,102,107,Competition,Stage 1 Conclusion,Coca-Cola 600,1
61,174,177,Unknown,Possible Fluid On Track,Coca-Cola 600,1
62,202,207,Competition,Stage 2 Conclusion,Coca-Cola 600,1
63,297,306,Accident,#6 Incident Turn 3 / Stage 3 Conclusion,Coca-Cola 600,1
64,116,121,Accident,"#04, 56 Incident Frontstretch",Bucked Up 200,3
65,124,128,Accident,"#23, 3, 26, 75 Incident Backstretch",Bucked Up 200,3
66,2,4,Accident,"#13, 18, 24 Incident Frontstretch",CRC Brakleen 150 ,3
67,17,19,Competition,Stage 1 Conclusion,CRC Brakleen 150 ,3
68,32,35,Competition,Stage 2 Conclusion,CRC Brakleen 150 ,3
69,52,54,Accident,#52 Incident Turn 1 ,CRC Brakleen 150 ,3
70,4,7,Accident,#15 Incident Turn 4,DAYTONA 500,1
71,15,29,Accident,"#19, 43, 77, 48, 21, 8, 10, 17, 12, 24, 6, 20, 1, 36, 38, 99 Incident Turn 3 / Weather [Red: 05:40:29]",DAYTONA 500,1
72,39,43,Accident,"#00, 14 Incident Frontstretch",DAYTONA 500,1
73,67,71,Competition,Stage 1 Conclusion,DAYTONA 500,1
74,113,117,Accident,"#47, 20, 5, 77 Incident Backstretch",DAYTONA 500,1
75,132,136,Competition,Stage 2 Conclusion,DAYTONA 500,1
76,200,200,Accident,"#2, 22, 37, 9, 42, 18, 23, 33 Incident Turn 3",DAYTONA 500,1
77,13,15,Spin,#74 Spin Frontstretch,Sport Clips Haircuts VFW Help A Hero 200,2
78,22,25,Competition,Competition Caution,Sport Clips Haircuts VFW Help A Hero 200,2
79,46,53,Spin,Stage 1 Conclusion/Spin 54 Turn 4,Sport Clips Haircuts VFW Help A Hero 200,2
80,60,64,Accident,"#18, 19 Incident Turn 2",Sport Clips Haircuts VFW Help A Hero 200,2
81,92,97,Competition,Stage 2 Conclusion,Sport Clips Haircuts VFW Help A Hero 200,2
82,110,115,Accident,"#98, 44 Incident Turn 3",Sport Clips Haircuts VFW Help A Hero 200,2
83,139,142,Spin,#19 Spin Turn 4,Sport Clips Haircuts VFW Help A Hero 200,2
84,146,150,Debris,Debris frontstetch,Sport Clips Haircuts VFW Help A Hero 200,2
85,47,53,Competition,Stage 1 Conclusion,Rackley Roofing 200,3
86,79,83,Unknown,Fluid on track,Rackley Roofing 200,3
87,97,103,Competition,Stage 2 Conclusion,Rackley Roofing 200,3
88,105,108,Spin,#13 Spin Turn 4,Rackley Roofing 200,3
89,112,117,Accident,"#19, #25 Incident Backstretch",Rackley Roofing 200,3
90,10,16,Accident,#02 Incident Turn 2,Food City 300,2
91,42,51,Competition,Competition ,Food City 300,2
92,87,93,Competition,Stage 1 Conclusion,Food City 300,2
93,104,108,Accident,"#15, 44 Incident Backstretch",Food City 300,2
94,111,116,Accident,"#48, 90, 99 Incident Frontstretch",Food City 300,2
95,12,13,Competition,Competition Caution,Toyota / Save Mart 350,1
96,22,24,Competition,Stage 1 Conclusion,Toyota / Save Mart 350,1
97,33,34,Accident,#47 Incident Turn 1,Toyota / Save Mart 350,1
98,42,44,Competition,Stage 2 Conclusion,Toyota / Save Mart 350,1
99,72,74,Unknown,#00 Stopped on Track Turn 6,Toyota / Save Mart 350,1
100,78,79,Accident,"#24, 48, 4, 43, 20, 7, 42 Incident Turn 11",Toyota / Save Mart 350,1
101,87,87,Accident,"#51, 37, 21 Incident Turn 8",Toyota / Save Mart 350,1
102,89,90,Accident,"#38, 20, 12, 48 Incident Turn 4",Toyota / Save Mart 350,1
103,62,67,Competition,Competition,Xfinity 500,1
104,73,76,Accident,"#6, 34, 99 Incident Turn 4",Xfinity 500,1
105,132,140,Competition,Stage 1 Conclusion,Xfinity 500,1
106,198,203,Accident,#3 Incident Turn 2,Xfinity 500,1
107,262,269,Competition,Stage 2 Conclusion,Xfinity 500,1
108,311,319,Accident,"#7, 34, 52 Incident Turn 3",Xfinity 500,1
109,324,329,Accident,"#00, 52 Incident Turn 3",Xfinity 500,1
110,340,345,Accident,"#6, 41, 42 Incident Turn 2",Xfinity 500,1
111,359,362,Accident,"#3, 41 Incident Turn 4",Xfinity 500,1
112,379,384,Spin,#99 Spin Turn 2,Xfinity 500,1
113,437,443,Accident,#3 Incident Turn 2,Xfinity 500,1
114,456,460,Accident,"#2, 9 Incident Turn 3",Xfinity 500,1
115,462,466,Accident,"#5, 47 Incident Turn 4",Xfinity 500,1
116,473,477,Accident,#37 Incident Turn 2,Xfinity 500,1
117,495,499,Accident,"#11, 48 Incident Turn 3",Xfinity 500,1
118,6,8,Accident,#45 Incident Turn 4,Victoria’s Voice Foundation 200 Presented by Westgate Resorts,3
119,32,36,Competition,Stage 1 Conclusion,Victoria’s Voice Foundation 200 Presented by Westgate Resorts,3
120,41,45,Debris,Debris on track,Victoria’s Voice Foundation 200 Presented by Westgate Resorts,3
121,54,56,Unknown,#4 Stopped on Track,Victoria’s Voice Foundation 200 Presented by Westgate Resorts,3
122,62,66,Competition,Stage 2 Conclusion,Victoria’s Voice Foundation 200 Presented by Westgate Resorts,3
123,72,77,Accident,"#1, 2, 18, 23, 26 Incident Turn 2",Victoria’s Voice Foundation 200 Presented by Westgate Resorts,3
124,82,84,Unknown,#4 Stopped on Track,Victoria’s Voice Foundation 200 Presented by Westgate Resorts,3
125,115,118,Accident,"#24, 51 Incident Turn 3",Victoria’s Voice Foundation 200 Presented by Westgate Resorts,3
126,127,130,Unknown,#42 Stopped on Track,Victoria’s Voice Foundation 200 Presented by Westgate Resorts,3
127,134,134,Accident,"#56, 02 Incident Turn 2",Victoria’s Voice Foundation 200 Presented by Westgate Resorts,3
128,7,11,Accident,#10 Incident Backstretch,Goodyear 400,1
129,23,28,Accident,#18 Incident Turn 4/Competition Cuation,Goodyear 400,1
130,92,97,Competition,Stage 1 Conclusion,Goodyear 400,1
131,100,104,Accident,"#41, 38 Incident Backstretch",Goodyear 400,1
132,108,114,Accident,"#1, 23 Incident Frontstretch",Goodyear 400,1
133,187,193,Competition,Stage 2 Conclusion,Goodyear 400,1
134,37,42,Competition,Competition ,Go Bowling 250 ,2
135,77,84,Competition,Stage 1 Conclusion,Go Bowling 250 ,2
136,87,91,Accident,"#44, 90 Incident Turn 2",Go Bowling 250 ,2
137,148,158,Accident,"#74, 48 Incident Turn 3 / Stage 2 Conclusion",Go Bowling 250 ,2
138,171,176,Accident,"#15, 5 Incident Turn 3",Go Bowling 250 ,2
139,183,187,Unknown,#4 Stopped On Track,Go Bowling 250 ,2
140,224,230,Accident,"#52, 92 Incident Turn 2",Go Bowling 250 ,2
141,232,236,Accident,#44 Incident Turn 1,Go Bowling 250 ,2
142,239,243,Accident,"#2, 51 Incident Frontstretch",Go Bowling 250 ,2
143,17,20,Spin,#13 Spin Turn 4,Corn Belt 150 Presented by Premier Chevy Dealers,3
144,32,36,Spin,#51 Spin Turn 3,Corn Belt 150 Presented by Premier Chevy Dealers,3
145,39,41,Spin,#62 Spin Turn 2/Stage 1 Conclusion,Corn Belt 150 Presented by Premier Chevy Dealers,3
146,66,72,Accident,"#19, 62, 44, 99 Incident Turn 3",Corn Belt 150 Presented by Premier Chevy Dealers,3
147,88,91,Spin,#51 Spin Turn 4/Stage 2 Conclusion,Corn Belt 150 Presented by Premier Chevy Dealers,3
148,93,100,Accident,"#3, 24 Incident Turn 4",Corn Belt 150 Presented by Premier Chevy Dealers,3
149,107,111,Spin,#19 Spin Turn 4,Corn Belt 150 Presented by Premier Chevy Dealers,3
150,117,121,Accident,"#40, 52 Incident Turn 4",Corn Belt 150 Presented by Premier Chevy Dealers,3
151,131,136,Unknown,#02 Flat Tire Turn 2,Corn Belt 150 Presented by Premier Chevy Dealers,3
152,140,145,Spin,#37 Spin Turn 4,Corn Belt 150 Presented by Premier Chevy Dealers,3
153,148,153,Accident,"#4, 2, 1, 13, 45 Incident Turn 2",Corn Belt 150 Presented by Premier Chevy Dealers,3
154,155,159,Accident,"#9, 15, 1, 6, 25, 26, 21, 41, 23, 04, 6, 34, 17, 2, 45, 02, 34 Incident Turn 1 [Red Flag 14:16]",Corn Belt 150 Presented by Premier Chevy Dealers,3
155,161,170,Accident,"#22, 20, 40 Incident Turn 1",Corn Belt 150 Presented by Premier Chevy Dealers,3
156,172,177,Accident,"#52, 26, 21, 13 Incident Turn 1",Corn Belt 150 Presented by Premier Chevy Dealers,3
157,155,161,Accident,"#7, 07 Incident Turn 1",Food City 300,2
158,172,179,Competition,Stage 2 Conclusion,Food City 300,2
159,199,204,Accident,#17 Incident Turn 1 ,Food City 300,2
160,239,247,Accident,"#66, 44 Incident Frontstretch",Food City 300,2
161,298,304,Accident,"#7, 8, 92 Incident Turn 2 ",Food City 300,2
162,32,36,Competition,Competition Caution,Instacart 500,1
163,47,51,Accident,"#48, #3, #42 Incident Turn 2",Instacart 500,1
164,77,83,Competition,Stage 1 Conclusion,Instacart 500,1
165,90,98,Accident,"#38, #51 Incident Turn 2",Instacart 500,1
166,192,199,Competition,Stage 2 Conclusion,Instacart 500,1
167,263,268,Accident,#8 Incident Turn 2,Instacart 500,1
168,283,287,Accident,"#18, #42 Incident Frontstretch",Instacart 500,1
169,17,20,Competition,Competition Caution,Fr8Auctions 200,3
170,32,37,Competition,Stage 1 Conclusion,Fr8Auctions 200,3
171,62,67,Competition,Stage 2 Conclusion,Fr8Auctions 200,3
172,22,25,Competition,Stage 1 Conclusion,Chevrolet Silverado 250,3
173,30,33,Accident,#28 Incident on the Backstretch,Chevrolet Silverado 250,3
174,42,47,Competition,Stage 2 Conclusion,Chevrolet Silverado 250,3
175,59,63,Accident,"#02, 04, 1, 10, 11, 12, 13, 15, 16, 18, 19, 21, 22, 25, 26, 33, 34, 38, 45, 51, 75 Incident in Turn 3",Chevrolet Silverado 250,3
176,77,82,Accident,"#1, 11, 45, 52, 88, 98 Incident on the Frontstretch",Chevrolet Silverado 250,3
177,94,97,Spin,#23 Spin on the Frontstretch,Chevrolet Silverado 250,3
178,18,25,Spin,#99 Spin Turn 4 / Competition,Alsco Uniforms 300,2
179,47,52,Competition,Stage 1 Conclusion,Alsco Uniforms 300,2
180,57,62,Accident,"#1, 54, 98 Incident Turn 2",Alsco Uniforms 300,2
181,66,69,Accident,#39 Incident Frontstretch,Alsco Uniforms 300,2
182,73,76,Accident,"#11, 8 Incident Turn 3",Alsco Uniforms 300,2
183,92,97,Competition,Stage 2 Conclusion,Alsco Uniforms 300,2
184,175,179,Accident,"#20, 22 Incident Frontstretch",Alsco Uniforms 300,2
185,182,187,Accident,"#54, 02, 36, 17, 13 Incident Backstretch",Alsco Uniforms 300,2
186,12,17,Accident,"#26, 92 Incident Turn 1",Pocono Green 225 Recycled by J.P. Mascaro & Sons,2
187,22,24,Competition,Stage 1 Conclusion,Pocono Green 225 Recycled by J.P. Mascaro & Sons,2
188,26,28,Accident,"#6, 8, 11 Incident Turn 1 [Red Flag: 00:05:41]",Pocono Green 225 Recycled by J.P. Mascaro & Sons,2
189,36,38,Accident,#20 Incident Turn 1,Pocono Green 225 Recycled by J.P. Mascaro & Sons,2
190,42,44,Competition,Stage 2 Conclusion,Pocono Green 225 Recycled by J.P. Mascaro & Sons,2
191,47,49,Accident,"#98, 15 Incident Turn 2",Pocono Green 225 Recycled by J.P. Mascaro & Sons,2
192,47,52,Competition,Stage 1 Conclusion,NASCAR Xfinity Series Championship,2
193,61,65,Accident,"#0, 17, 47 Incident Backstretch",NASCAR Xfinity Series Championship,2
194,92,97,Competition,Stage 2 Conclusion,NASCAR Xfinity Series Championship,2
195,100,105,Accident,"#17, 31 Incident Turn 1",NASCAR Xfinity Series Championship,2
196,108,113,Accident,"#5, 31 Incident Turn 1",NASCAR Xfinity Series Championship,2
197,126,134,Accident,#99 Incident Frontstretch  ,NASCAR Xfinity Series Championship,2
198,136,140,Spin,#48 Spin Turn 2,NASCAR Xfinity Series Championship,2
199,182,187,Spin,#16 Spin Turn 2,NASCAR Xfinity Series Championship,2
200,189,192,Accident,"#10, 78 Incident Turn 4",NASCAR Xfinity Series Championship,2
201,195,202,Accident,"#48, 92 Incident Turn 3",NASCAR Xfinity Series Championship,2
202,22,25,Competition,Competition,Alsco Uniforms 300,2
203,28,31,Accident,"#13, 26 Incident Frontstretch",Alsco Uniforms 300,2
204,47,52,Competition,Stage 1 Conclusion,Alsco Uniforms 300,2
205,2,5,Accident,"#44, 19, 56 Incident Frontstretch",NextEra Energy 250,3
206,22,26,Competition,Stage 1 Conclusion,NextEra Energy 250,3
207,36,38,Spin,#19 Spin Turn 3,NextEra Energy 250,3
208,42,46,Competition,Stage 2 Conclusion,NextEra Energy 250,3
209,54,58,Accident,"#19, 40 Incident Turn 4",NextEra Energy 250,3
210,62,64,Accident,"#3, 22, 52 Incident Frontstretch",NextEra Energy 250,3
211,66,69,Accident,"#33, 2, 52, 26, 38 Incident Frontstretch ",NextEra Energy 250,3
212,73,78,Accident,"#38, 88, 12, 52, 45, 4 Incident Turn 2",NextEra Energy 250,3
213,82,85,Accident,#1 Incident Backstretch,NextEra Energy 250,3
214,96,99,Accident,"#26, 25, 4, 51, 24, 16, 13, 12, 28, 42  Incident Turn 2",NextEra Energy 250,3
215,47,56,Spin,#04 Spin Turn 4 / Stage 1 Conclusion,United Rentals 200,3
216,66,71,Accident,"#24, 04 Incident Turn 2",United Rentals 200,3
217,82,86,Debris,Debris Frontstretch,United Rentals 200,3
218,89,95,Accident,"#34, 15, 41, 40, 33, 25, 04, 32 Incident Frontstretch ",United Rentals 200,3
219,102,110,Competition,Stage 2 Conclusion,United Rentals 200,3
220,116,123,Accident,#10 Incident Turn 2,United Rentals 200,3
221,131,140,Accident,"#4, 22 Incident Turn 3",United Rentals 200,3
222,143,146,Accident,"#19, 45 Incident Turn 4",United Rentals 200,3
223,150,154,Accident,"#3, 24, 41 Incident Turn 4",United Rentals 200,3
224,158,163,Accident,"#75, 13 Incident Turn 3  ",United Rentals 200,3
225,178,183,Accident,"#13, 75 Incident Turn 3",United Rentals 200,3
226,186,192,Accident,"#51, 12, 98, 25, 88, 19, 30 Incident Turn 4 ",United Rentals 200,3
227,198,202,Accident,"#41, 51 Incident Frontstretch",United Rentals 200,3
228,204,204,Accident,"#38, 52 Incident Frontstretch",United Rentals 200,3
229,17,20,Competition,Competition,New Holland 250,2
230,23,26,Accident,#90 Incident Turn 4,New Holland 250,2
231,32,35,Competition,Stage 1 Conclusion,New Holland 250,2
232,37,45,Accident,"#2, 11, 18, 22, 61, 68, 07 Incident Turn 2",New Holland 250,2
233,62,66,Competition,Stage 2 Conclusion,New Holland 250,2
234,117,120,Unknown,#10 Stalled On Track,New Holland 250,2
235,123,127,Accident,"#74, 99 Incident Backstretch",New Holland 250,2
236,129,132,Accident,"#78, 15 Incident Fronstretch",New Holland 250,2
237,134,137,Accident,#54 Incident Turn 2,New Holland 250,2
238,47,53,Competition,Stage 1 Conclusion,Tennessee Lottery 250,2
239,71,75,Accident,"#99, #66 Incident Frontstretch",Tennessee Lottery 250,2
240,92,96,Competition,Stage 2 Conclusion,Tennessee Lottery 250,2
241,142,148,Debris,Debris on track,Tennessee Lottery 250,2
242,156,159,Accident,"#17, #48 Incident Turn 4",Tennessee Lottery 250,2
243,161,168,Accident,"#1, #7, #18, #22, #54 Incident Frontstretch",Tennessee Lottery 250,2
244,175,179,Accident,"#9, #11, #39 Incident Turn 4",Tennessee Lottery 250,2
245,183,187,Accident,"#4, #39 Incident Turn 2",Tennessee Lottery 250,2
246,22,24,Competition,Competition Caution,EchoPark 250,2
247,37,39,Spin,#90 Spin Turn 2,EchoPark 250,2
248,41,50,Accident,"#19, 9, 02, 22, 16, 61, 66 Incident Backstretch / Stage 1 Conclusion ",EchoPark 250,2
249,82,88,Competition,Stage 2 Conclusion,EchoPark 250,2
250,114,117,Spin,#99 Spin Backstretch,EchoPark 250,2
251,119,123,Accident,"#10, 51 Incident Turn 1 ",EchoPark 250,2
252,133,137,Accident,"#8, 39 Incident Turn 4",EchoPark 250,2
253,92,97,Accident,"#54, 99 Incident Turn 4 / Stage 2 Conclusion",Alsco Uniforms 300,2
254,100,103,Accident,"#0, 5 Incident Turn 2",Alsco Uniforms 300,2
255,121,124,Spin,#10 Spin Turn 4,Alsco Uniforms 300,2
256,146,150,Debris,Debris,Alsco Uniforms 300,2
257,152,159,Accident,"#02, 8, 39 Incident Turn 2",Alsco Uniforms 300,2
258,183,186,Spin,#99 Spin Turn 2,Alsco Uniforms 300,2
259,188,193,Accident,"#1, 9, 11, 18, 19, 44, 98 Incident Turn 1",Alsco Uniforms 300,2
260,27,30,Competition,Competition Caution,Folds of Honor QuikTrip 500,1
261,107,112,Competition,Stage 1 Conclusion,Folds of Honor QuikTrip 500,1
262,114,118,Accident,"#1, 11 Incident Turn 1",Folds of Honor QuikTrip 500,1
263,212,217,Competition,Stage 2 Conclusion,Folds of Honor QuikTrip 500,1
264,221,224,Unknown,Fluid on Track,Folds of Honor QuikTrip 500,1
265,8,11,Accident,"#7, 23 Incident Turn 3",NASCAR Cup Series Championship,1
266,16,20,Accident,"#7, 47 Incident Turn 3 ",NASCAR Cup Series Championship,1
267,77,83,Competition,Stage 1 Conclusion,NASCAR Cup Series Championship,1
268,130,135,Accident,#00 Incident Turn 4,NASCAR Cup Series Championship,1
269,141,145,Accident,#47 Incident Turn 3,NASCAR Cup Series Championship,1
270,156,161,Accident,"#14, 18 Incident Turn 3",NASCAR Cup Series Championship,1
271,192,197,Competition,Stage 2 Conclusion,NASCAR Cup Series Championship,1
272,249,254,Accident,#38 Incident Turn 2,NASCAR Cup Series Championship,1
273,283,288,Debris,Debris in Turn 3,NASCAR Cup Series Championship,1
274,17,20,Competition,Competition Caution,In It To Win It 200,3
275,23,26,Debris,Debris frontstretch,In It To Win It 200,3
276,28,30,Spin,#9 Spin Turn 2,In It To Win It 200,3
277,47,52,Competition,Stage 1 Conclusion,In It To Win It 200,3
278,68,71,Accident,"#02, 24, 99 Incident Turn 4",In It To Win It 200,3
279,92,97,Competition,Stage 2 Conclusion,In It To Win It 200,3
280,107,110,Accident,"#19, 45 Incident Turn 4",In It To Win It 200,3
281,112,115,Spin,#34 Spin backstretch,In It To Win It 200,3
282,17,21,Weather,Competition / Weather [Red Flag: 16:19:27],Wawa 250,2
283,28,33,Accident,"#1, 22, 2, 18, 8 Incident Frontstretch / Stage 1 Conclusion",Wawa 250,2
284,36,39,Debris,Debris Turn 2,Wawa 250,2
285,50,52,Debris,Debris Frontstretch,Wawa 250,2
286,62,64,Competition,Stage 2 Conclusion,Wawa 250,2
287,73,77,Accident,"#26, 15, 07 Incident Turn 4",Wawa 250,2
288,84,86,Accident,"#90, 31, 48, 5 Incident Backstretch",Wawa 250,2
289,27,29,Competition,Stage 1 Conclusion,Ag-Pro 300,2
290,52,55,Competition,Stage 2 Conclusion,Ag-Pro 300,2
291,77,79,Spin,#8 Spin Turn 4,Ag-Pro 300,2
292,5,7,Accident,"#17, 26, 07 Incident Backstretch",Steakhouse Elite 200,2
293,14,16,Accident,#26 Incident Turn 3,Steakhouse Elite 200,2
294,22,25,Competition,Competition Caution,Steakhouse Elite 200,2
295,46,52,Accident,#5 Incident Frontstretch/Stage 1 Conclusion,Steakhouse Elite 200,2
296,84,87,Accident,"#78, 0 Incident Turn 1",Steakhouse Elite 200,2
297,92,99,Competition,Stage 2 Conclusion,Steakhouse Elite 200,2
298,127,131,Accident,"#52, 07 Incident Backstretch",Steakhouse Elite 200,2
299,133,137,Accident,#07 Incident Turn 4,Steakhouse Elite 200,2
300,143,146,Spin,#6 Spin Turn 2,Steakhouse Elite 200,2
301,17,19,Competition,Stage 1 Conclusion,Verizon 200 at the Brickyard,1
302,37,39,Competition,Stage 2 Conclusion,Verizon 200 at the Brickyard,1
303,42,43,Debris,Debris Turn 6,Verizon 200 at the Brickyard,1
304,74,76,Debris,Debris Turn 6,Verizon 200 at the Brickyard,1
305,79,88,Accident,"#15, 18, 20, 22, 24, 37, 42, 77, 99 Incident Turn 6 [Red Flag: 00:19:14]",Verizon 200 at the Brickyard,1
306,90,93,Accident,"#3, 7, 8, 19, 34, 41, 48 Incident Turn 6 [Red Flag: 00:04:08]",Verizon 200 at the Brickyard,1
307,42,45,Accident,"#10, 7, 38, 77, 78 Incident Backstretch [Red Flag: 00:06:30]",Food City Dirt Race,1
308,49,50,Accident,"#6, 24, 4, 14 Incident Backstretch / Competition ",Food City Dirt Race,1
309,54,59,Accident,"#5, 20, 4, 42, 14, 47 Incident Turn 2",Food City Dirt Race,1
310,101,101,Competition,Stage 1 Conclusion,Food City Dirt Race,1
311,151,151,Competition,Competition,Food City Dirt Race,1
312,154,158,Accident,"#00, 3, 5, 12, 18, 34, 37, 48, 51, 53 Incident Frontstretch",Food City Dirt Race,1
313,161,169,Accident,"#2, 14 Incident Frontstretch",Food City Dirt Race,1
314,187,191,Accident,"#51, 53 Incident Turn 3",Food City Dirt Race,1
315,201,201,Competition,Stage 2 Conclusion,Food City Dirt Race,1
316,247,251,Spin,#66 Spin Frontstretch,Food City Dirt Race,1
317,5,7,Spin,#36 Spin Turn 4,Beef. It's What's For Dinner. 300,2
318,12,14,Unknown,#92 Stopped On Track,Beef. It's What's For Dinner. 300,2
319,21,23,Accident,#92 Incident Turn 4,Beef. It's What's For Dinner. 300,2
320,32,36,Competition,Stage 1 Conclusion,Beef. It's What's For Dinner. 300,2
321,62,65,Accident,"#19, 36, 17, 2 Incident Frontstretch / Stage 2 Conclusion [Red: 00:13:47]",Beef. It's What's For Dinner. 300,2
322,76,83,Accident,"#1, 6, 9, 0, 13, 39, 74, 52, 15 Incident Frontstretch",Beef. It's What's For Dinner. 300,2
323,101,103,Accident,"#90, 47 Incident Frontstretch",Beef. It's What's For Dinner. 300,2
324,106,112,Accident,"#54, 18, 7, 98, 11, 10, 68, 66, 23, 13, 8, 48, 51, 61 Incident Turn 3 ",Beef. It's What's For Dinner. 300,2
325,115,120,Accident,"#4, 10,  44 Incident Frontstretch",Beef. It's What's For Dinner. 300,2
326,26,30,Accident,#8 and 16 Incident in Turn 3,Sparks 300 at Talladega,2
327,52,54,Competition,Stage 2 Conclusion [Red Flag: 5:38],Sparks 300 at Talladega,2
328,76,79,Unknown,#15 Stalled on Pit Road,Sparks 300 at Talladega,2
329,90,93,Accident,"#02, 2, 9, 10, 19, 26, 90 Incident in Turn 3 [Red Flag: 15:20]",Sparks 300 at Talladega,2
330,103,107,Spin,"#02, 20, 31, 36, 54, 92, 98 Spin in Turn 4",Sparks 300 at Talladega,2
331,86,90,Accident,"#07, 1, 19, 26, 28, 54, 90 Incident Backstretch/Weather",Ag-Pro 300,2
332,22,25,Competition,Competition Caution,Ambetter Get Vaccinated 200,2
333,27,30,Accident,"#02, 8, 19, 98 Incident on the frontstretch",Ambetter Get Vaccinated 200,2
334,46,52,Competition,Stage 1 Conclusion,Ambetter Get Vaccinated 200,2
335,92,98,Competition,Stage 2 Conclusion,Ambetter Get Vaccinated 200,2
336,150,155,Accident,#23 Incident in Turn 4,Ambetter Get Vaccinated 200,2
337,27,30,Competition,Competition,Buschy McBusch Race 400,1
338,82,87,Competition,Stage 1 Conclusion,Buschy McBusch Race 400,1
339,162,167,Competition,Stage 2 Conclusion,Buschy McBusch Race 400,1
340,231,235,Debris,Debris Frontstretch,Buschy McBusch Race 400,1
341,246,249,Accident,#11 Incident Turn 1,Buschy McBusch Race 400,1
342,254,257,Accident,"#33, 47 Incident Backstretch",Buschy McBusch Race 400,1
343,259,265,Accident,"#20, 37, 47 Incident Turn 4",Buschy McBusch Race 400,1
344,22,25,Competition,Competition,FireKeepers Casino 400,1
345,32,35,Accident,#15 Incident Turn 2,FireKeepers Casino 400,1
346,62,66,Competition,Stage 1 Conclusion,FireKeepers Casino 400,1
347,122,126,Accident,"Stage 2 Conclusion / #2, 3 Incident Frontstretch",FireKeepers Casino 400,1
348,181,186,Weather,Weather,FireKeepers Casino 400,1
349,188,192,Accident,"#6, 7, 8, 19, 20, 22, 34 Incident Turn 4",FireKeepers Casino 400,1
350,72,79,Competition,Stage 1 Conclusion,ToyotaCare 250,3
351,86,98,Accident,"#1, #12 Incident Turn 3",ToyotaCare 250,3
352,101,104,Accident,"#10, #3 Incident Turn 3",ToyotaCare 250,3
353,142,150,Competition,Stage 2 Conclusion,ToyotaCare 250,3
354,154,158,Spin,#19 Spin Turn 2,ToyotaCare 250,3
355,161,165,Accident,"#1, #23 Incident Turn 2",ToyotaCare 250,3
356,167,171,Accident,"#10, #3 Incident Backstretch",ToyotaCare 250,3
357,178,181,Accident,"#10, #3 Incident Turn 4",ToyotaCare 250,3
358,183,187,Accident,"#41, #22, Incident Turn 4",ToyotaCare 250,3
359,197,209,Accident,#9 Incident Turn 1,ToyotaCare 250,3
360,214,221,Unknown,#02 Inicdent Backstretch,ToyotaCare 250,3
361,27,30,Competition,Competition Caution,Dixie Vodka 400,1
362,65,72,Unknown,Fluid on the Backstretch from #15,Dixie Vodka 400,1
363,82,87,Competition,Stage 1 Conclusion,Dixie Vodka 400,1
364,155,159,Unknown,Fluid on the Backstretch from #7,Dixie Vodka 400,1
365,162,167,Competition,Stage 2 Conclusion,Dixie Vodka 400,1
366,201,207,Accident,#10 and 12 Incident in Turn 3,Dixie Vodka 400,1
367,7,8,Unknown,#6 Stopped Turn 14,Henry 180,2
368,12,12,Competition,Stage 1 Conclusion,Henry 180,2
369,14,15,Accident,"#8, 90 Incident Turn 12",Henry 180,2
370,22,22,Competition,Stage 2 Conclusion,Henry 180,2
371,28,29,Accident,#6 Incident Turn 1,Henry 180,2
372,36,37,Unknown,#81 Stopped Turn 6,Henry 180,2
373,39,39,Accident,"#2, 7, 17, 19, 20, 22, 23, 26, 39, 54 Incident Turn 1 ",Henry 180,2
374,6,10,Spin,#48 Spin in Turn 1,Cook Out 250,2
375,27,32,Competition,Competition Caution ,Cook Out 250,2
376,43,47,Spin,#99 Spin in Turn 1,Cook Out 250,2
377,51,55,Spin,# 1 Spin in Turn 1,Cook Out 250,2
378,60,67,Accident,"#02, 2, 44, 98 Incident in Turn 4 ",Cook Out 250,2
379,90,96,Unknown,Precipitation,Cook Out 250,2
380,107,112,Spin,#92 Spin in Turn 4 ,Cook Out 250,2
381,122,131,Competition,Stage 2 Conclusion,Cook Out 250,2
382,141,145,Accident,#15 and 47 Incident in Turn 3,Cook Out 250,2
383,154,159,Spin,#26 Spin in Turn 1,Cook Out 250,2
384,177,183,Accident,#07 and 23 Incident in Turn 3,Cook Out 250,2
385,206,210,Spin,#36 Spin on the Frontstretch,Cook Out 250,2
386,12,13,Unknown,#99 and 13 Stalled on Track,Pit Boss 250,2
387,16,17,Competition,Stage 1 Conclusion,Pit Boss 250,2
388,21,22,Unknown,Fluid in Turn 6 from #44,Pit Boss 250,2
389,32,32,Competition,Stage 2 Conclusion ,Pit Boss 250,2
390,17,19,Accident,#48 Incident Turn 4,Cook Out Southern 500,1
391,27,29,Competition,Competition Caution,Cook Out Southern 500,1
392,32,35,Accident,#34 Incident backstretch,Cook Out Southern 500,1
393,48,53,Accident,"#51, 53 Incident Turn 2",Cook Out Southern 500,1
394,117,122,Competition,Stage 1 Conclusion,Cook Out Southern 500,1
395,126,129,Accident,"#18, #3 Incident Turn 2",Cook Out Southern 500,1
396,164,168,Debris,Debris frontstretch,Cook Out Southern 500,1
397,201,205,Accident,#24 Incident Turn 1,Cook Out Southern 500,1
398,232,237,Competition,Stage 2 Conclusion,Cook Out Southern 500,1
399,320,325,Spin,#12 Spin Turn 4,Cook Out Southern 500,1
400,328,331,Accident,"#9, 20 Incident Turn 1",Cook Out Southern 500,1
401,14,14,Competition,Stage 1 Conclusion,Toyota Tundra 225,3
402,28,28,Competition,Stage 2 Conclusion,Toyota Tundra 225,3
403,27,30,Competition,Competition ,GEICO 500,1
404,40,43,Spin,#28 Spin Turn 4,GEICO 500,1
405,61,66,Accident,"#2, 11, 14, 22, 23, 47 Incident Backstretch / Stage 1 Conclusion",GEICO 500,1
406,105,109,Unknown,Fluid On Backstretch From #1,GEICO 500,1
407,120,126,Accident,"#9, 11, 19, 24, 48 Incident Frontstretch / Stage 2 Conclusion",GEICO 500,1
408,173,176,Accident,#00 Incident Turn 2,GEICO 500,1
409,186,189,Debris,Debris Frontstretch,GEICO 500,1
410,27,30,Competition,Competition Caution,Alsco Uniforms 302,2
411,32,40,Accident,"#98, 31, 10, 26, 99, 17, 68, 07, 36, 8, 51, 15 Incident Turn 1",Alsco Uniforms 302,2
412,47,51,Competition,Stage 1 Conclusion,Alsco Uniforms 302,2
413,55,59,Accident,"#39, 48 Incident Turn 2",Alsco Uniforms 302,2
414,92,96,Competition,Stage 2 Conclusion,Alsco Uniforms 302,2
415,122,125,Accident,"#02, 11 Incident Turn 3",Alsco Uniforms 302,2
416,12,12,Competition,Competition Caution,Go Bowling at The Glen,1
417,22,22,Competition,Stage 1 Conclusion,Go Bowling at The Glen,1
418,26,27,Unknown,#51 Stopped on Track,Go Bowling at The Glen,1
419,42,43,Competition,Stage 2 Conclusion,Go Bowling at The Glen,1
420,22,26,Competition,Competition,Drydene 200,2
421,33,36,Accident,"#98, 26 Incident Turn 4",Drydene 200,2
422,47,54,Competition,Stage 1 Conclusion,Drydene 200,2
423,59,64,Accident,"#5, 13, 78, 92 Incident Backstretch [Red Flag: 00:10:14]",Drydene 200,2
424,69,74,Accident,"#11, 19 Incident Turn 2",Drydene 200,2
425,86,96,Accident,#90 Incident Turn 1 / Stage 2 Conclusion,Drydene 200,2
426,140,144,Unknown,Possible Fluid On Track From #26 ,Drydene 200,2
427,10,12,Debris,Debris Turn 2 / Competition,Pocono Organics CBD 325,1
428,15,17,Accident,"#2, 41 Incident Frontstretch",Pocono Organics CBD 325,1
429,27,29,Competition,Stage 1 Conclusion,Pocono Organics CBD 325,1
430,54,57,Accident,#6 Incident Turn 1,Pocono Organics CBD 325,1
431,61,63,Accident,"#7, 38 Incident Frontstretch",Pocono Organics CBD 325,1
432,73,75,Accident,#42 Incident Turn 2,Pocono Organics CBD 325,1
433,79,81,Competition,Stage 2 Conclusion,Pocono Organics CBD 325,1
434,109,111,Debris,Debris Turn 2,Pocono Organics CBD 325,1
435,22,25,Competition,Competition ,Coke Zero Sugar 400,1
436,52,55,Competition,Stage 1 Conclusion,Coke Zero Sugar 400,1
437,78,81,Accident,"#10, 37, 38, 48 Incident Turn 4",Coke Zero Sugar 400,1
438,102,105,Competition,Stage 2 Conclusion,Coke Zero Sugar 400,1
439,141,144,Accident,"#15, 51, 53 Incident Turn 4 ",Coke Zero Sugar 400,1
440,147,150,Accident,"#19, 96, 14, 8, 24, 99, 38, 2 Incident Backstretch [Red Flag: 00:14:51]",Coke Zero Sugar 400,1
441,158,163,Accident,"#9, 20, 21, 2, 18, 11, 37, 42, 41, 47, 16 Incident Turn 4",Coke Zero Sugar 400,1
442,165,165,Accident,"#4, 3, 99, 1, 5, 42, 7, 48, 43 Incident Turn 3 ",Coke Zero Sugar 400,1
443,32,37,Competition,Competition Caution,TOYOTA OWNERS 400,1
444,82,90,Competition,Stage 1 Conclusion,TOYOTA OWNERS 400,1
445,142,147,Spin,#6 Spin Turn 3,TOYOTA OWNERS 400,1
446,237,247,Competition,Stage 2 Conclusion,TOYOTA OWNERS 400,1
447,382,388,Accident,#4 Incident Turn 1,TOYOTA OWNERS 400,1
448,27,30,Spin,#99 Spin in Turn 4,Contender Boats 250,2
449,42,47,Competition,Stage 1 Conclusion,Contender Boats 250,2
450,69,74,Unknown,Fluid in Turn 1 from #99,Contender Boats 250,2
451,82,87,Competition,Stage 2 Conclusion,Contender Boats 250,2
452,99,102,Accident,#7 and 98 Incident on the Backstretch,Contender Boats 250,2
453,111,115,Unknown,Fluid in Turn 4 from #15,Contender Boats 250,2
454,166,172,Accident,#9 and 13 Incident in Turn 3,Contender Boats 250,2
455,174,177,Accident,#16 and 19 Incident in Turn 1,Contender Boats 250,2
456,3,4,Accident,"#48, 02 Incident Turn 6",Drive for the Cure 250 presented by Blue Cross Blue Shield of North Carolina,2
457,12,13,Unknown,#74 Stopped On Track,Drive for the Cure 250 presented by Blue Cross Blue Shield of North Carolina,2
458,21,22,Competition,Possible Fluid Turn 10 / Stage 1 Conclusion,Drive for the Cure 250 presented by Blue Cross Blue Shield of North Carolina,2
459,30,32,Debris,Debris Turn 11 [Red Flag:  00:04:41],Drive for the Cure 250 presented by Blue Cross Blue Shield of North Carolina,2
460,37,37,Debris,Debris,Drive for the Cure 250 presented by Blue Cross Blue Shield of North Carolina,2
461,42,42,Competition,Stage 2 Conclusion,Drive for the Cure 250 presented by Blue Cross Blue Shield of North Carolina,2
462,65,66,Accident,#44 Incident Turn 14,Drive for the Cure 250 presented by Blue Cross Blue Shield of North Carolina,2
463,14,17,Spin,#15 Spin Turn 3,Pinty's Truck Race on Dirt,3
464,28,31,Unknown,#42 Stalled On Frontstretch,Pinty's Truck Race on Dirt,3
465,36,39,Accident,"#18, 22, 26 Incident Turn 2",Pinty's Truck Race on Dirt,3
466,41,41,Competition,Stage 1 Conclusion,Pinty's Truck Race on Dirt,3
467,50,57,Accident,"#4, 19, 25, 88 Incident Turn 1 [Red Flag: 00:07:07]",Pinty's Truck Race on Dirt,3
468,64,68,Spin,#10 Spin Turn 2,Pinty's Truck Race on Dirt,3
469,71,75,Unknown,#6 Stopped On Track,Pinty's Truck Race on Dirt,3
470,81,84,Spin,#33 Spin Turn 4,Pinty's Truck Race on Dirt,3
471,91,91,Competition,Stage 2 Conclusion,Pinty's Truck Race on Dirt,3
472,100,107,Accident,"#30, 44, 45, 56 Incident Turn 3 [Red Flag: 00:05:17]",Pinty's Truck Race on Dirt,3
473,120,125,Accident,"#13, 18 Incident Backstretch",Pinty's Truck Race on Dirt,3
474,133,138,Accident,#49 Incident Turn 4 [Red Flag: 00:04:04],Pinty's Truck Race on Dirt,3
475,32,36,Competition,Competition,Federated Auto Parts 400 Salute to First Responders,1
476,42,47,Accident,#1 Incident Turn 1 ,Federated Auto Parts 400 Salute to First Responders,1
477,82,88,Competition,Stage 1 Conclusion,Federated Auto Parts 400 Salute to First Responders,1
478,237,244,Competition,Stage 2 Conclusion,Federated Auto Parts 400 Salute to First Responders,1
479,251,254,Accident,#23 Incident Turn 1,Federated Auto Parts 400 Salute to First Responders,1
480,2,4,Unknown,#90 Stalled Turn 7,Pennzoil 150 at the Brickyard,2
481,17,18,Debris,Debris Frontstretch,Pennzoil 150 at the Brickyard,2
482,22,23,Competition,Stage 1 Conclusion,Pennzoil 150 at the Brickyard,2
483,30,32,Unknown,#61 Stalled Turn 14,Pennzoil 150 at the Brickyard,2
484,39,43,Competition,#24 Stalled Frontstretch / Stage 2 Conclusion,Pennzoil 150 at the Brickyard,2
485,12,13,Competition,Competition,Bank of America ROVAL 400,1
486,21,22,Accident,#6 Incident Turn 14,Bank of America ROVAL 400,1
487,27,29,Competition,Stage 1 Conclusion,Bank of America ROVAL 400,1
488,35,35,Accident,"#47, 14 Incident Turn 17",Bank of America ROVAL 400,1
489,52,53,Competition,Stage 2 Conclusion,Bank of America ROVAL 400,1
490,56,57,Accident,"#4, 9, 41 Incident Turn 8",Bank of America ROVAL 400,1
491,88,89,Debris,Debris,Bank of America ROVAL 400,1
492,94,95,Accident,"#7, 41, 52 Incident Turn 2",Bank of America ROVAL 400,1
493,100,101,Accident,#4 Incident Turn 1,Bank of America ROVAL 400,1
494,8,12,Accident,#2 Incident Turn 2,SpeedyCash.com 220,3
495,22,29,Accident,#2 Incident Turn 2,SpeedyCash.com 220,3
496,34,40,Spin,#49 Spin Turn 2 / Stage 1 Conclusion,SpeedyCash.com 220,3
497,53,58,Accident,"#52, 42 Incident Turn 3",SpeedyCash.com 220,3
498,62,65,Unknown,#10 Stopped on track,SpeedyCash.com 220,3
499,70,77,Accident,#51 Incident Turn 2 / Stage 2 Conclusion,SpeedyCash.com 220,3
500,9,9,Unknown,#99 Stalled on Track,EchoPark Texas Grand Prix,1
501,17,18,Competition,Stage 1 Conclusion,EchoPark Texas Grand Prix,1
502,20,24,Accident,"#4, 12, 20, 23, 47 Incident on the Backstretch",EchoPark Texas Grand Prix,1
503,26,28,Accident,#19 and 41 Incident on the Backstretch [Red: 20:54],EchoPark Texas Grand Prix,1
504,34,35,Competition,Stage 2 Conclusion,EchoPark Texas Grand Prix,1
505,54,54,Weather,Inclement Weather/Visibility,EchoPark Texas Grand Prix,1
506,2,4,Accident,"#9, 17 Incident Turn 2",B&L Transport 170 at Mid-Ohio,2
507,9,12,Unknown,Fluid On Track From #44 Turn 3,B&L Transport 170 at Mid-Ohio,2
508,27,30,Competition,Stage 1 Conclusion,B&L Transport 170 at Mid-Ohio,2
509,42,43,Unknown,#51 Stopped on Course at Acura Bridge,B&L Transport 170 at Mid-Ohio,2
510,52,55,Competition,Stage 2 Conclusion,B&L Transport 170 at Mid-Ohio,2
511,70,71,Accident,#10 Incident Turn 4,B&L Transport 170 at Mid-Ohio,2
512,7,23,Accident,"#11, 18, 19 and 48 Incident in Turn 1 [Red: 1:41:22] ",Foxwoods Resort Casino 301,1
513,33,38,Spin,#23 and 38 Spin in Turn 4,Foxwoods Resort Casino 301,1
514,77,82,Competition,Stage 1 Conclusion,Foxwoods Resort Casino 301,1
515,129,135,Accident,#00 and 6 Incident in Turn 3,Foxwoods Resort Casino 301,1
516,140,144,Accident,#17 and 23 Incident on the Backstretch,Foxwoods Resort Casino 301,1
517,187,192,Competition,Stage 2 Conclusion,Foxwoods Resort Casino 301,1
518,32,38,Competition,Stage 1 Conclusion,North Carolina Education Lottery 200,3
519,51,54,Accident,"#15, 32 Incident Turn 4",North Carolina Education Lottery 200,3
520,56,59,Accident,"#2, 23, 38 Incident Turn 4",North Carolina Education Lottery 200,3
521,62,68,Competition,Stage 2 Conclusion,North Carolina Education Lottery 200,3
522,116,124,Accident,"#13, 14, 51 Incident Frontstretch",North Carolina Education Lottery 200,3
523,3,3,Debris,Debris On Backstretch,O’Reilly Auto Parts 253 At DAYTONA,1
524,13,13,Debris,Debris Turn 12,O’Reilly Auto Parts 253 At DAYTONA,1
525,18,19,Competition,Stage 1 Conclusion,O’Reilly Auto Parts 253 At DAYTONA,1
526,28,29,Accident,"#12, 42 Incident Turn 6",O’Reilly Auto Parts 253 At DAYTONA,1
527,36,37,Competition,Stage 2 Conclusion,O’Reilly Auto Parts 253 At DAYTONA,1
528,57,58,Weather,Weather,O’Reilly Auto Parts 253 At DAYTONA,1
529,60,60,Accident,#8 Incident Turn 3,O’Reilly Auto Parts 253 At DAYTONA,1
530,62,62,Accident,"#7, 9 Incident Turn 5",O’Reilly Auto Parts 253 At DAYTONA,1
531,22,25,Competition,Competition Caution,Kansas Lottery 300,2
532,30,37,Accident,#26 and 48 Incident on the Frontstretch,Kansas Lottery 300,2
533,47,51,Competition,Stage 1 Conclusion,Kansas Lottery 300,2
534,92,96,Competition,Stage 2 Conclusion,Kansas Lottery 300,2
535,98,102,Accident,"#2, 9 and 18 Incident on the Backstretch",Kansas Lottery 300,2
536,105,107,Spin,#07 Spin in Turn 2,Kansas Lottery 300,2
537,137,140,Accident,#5 Incident in Turn 2,Kansas Lottery 300,2
538,156,159,Debris,Debris in Turn 2 from 07,Kansas Lottery 300,2
539,161,163,Spin,#19 Spin in Turn 2,Kansas Lottery 300,2
540,180,184,Accident,"#8, 9 and 20 Incident on the Frontstretch",Kansas Lottery 300,2
541,22,24,Competition,Competition Caution,Credit Karma Money 250,2
542,42,46,Competition,Stage 1 Conclusion,Credit Karma Money 250,2
543,52,55,Accident,"#61, 5 Incident Frontstretch",Credit Karma Money 250,2
544,64,66,Spin,#31 Spin Turn 4,Credit Karma Money 250,2
545,82,86,Competition,Stage 2 Conclusion,Credit Karma Money 250,2
546,97,101,Accident,#52 Incident Backstretch,Credit Karma Money 250,2
547,120,124,Accident,"#19, 39 Incident Turn 3",Credit Karma Money 250,2
548,148,152,Accident,#17 Incident Backstretch,Credit Karma Money 250,2
549,154,157,Accident,"#47, 68 Incident Turn ",Credit Karma Money 250,2
550,159,162,Accident,"#18, 54, 16 Incident Turn 1",Credit Karma Money 250,2
551,27,29,Competition,Competition Caution,YellaWood 500,1
552,57,64,Accident,"#5, 14, 24 and 77 Incident on the Frontstretch ",YellaWood 500,1
553,68,77,Debris,Debris in Turn 2 from #5 [Red Flag: 18:20],YellaWood 500,1
554,99,103,Accident,"8, 9, 18, 19, 37, 42, 47, 48 and 78 Incident on the Backstretch",YellaWood 500,1
555,117,117,Accident,"#12, 24, 37 and 47 Incident on the Backstretch",YellaWood 500,1
556,4,4,Unknown,#99 Stopped On Track,Jockey Made in America 250 Presented by Kwik Trip,1
557,13,16,Competition,#78 Stopped On Track / Stage 1 Conclusion,Jockey Made in America 250 Presented by Kwik Trip,1
558,31,32,Competition,Stage 2 Conclusion,Jockey Made in America 250 Presented by Kwik Trip,1
559,44,45,Unknown,#38 Stopped On Track,Jockey Made in America 250 Presented by Kwik Trip,1
560,42,48,Competition,Competition ,Bass Pro Shops Night Race,1
561,127,135,Competition,Stage 1 Conclusion,Bass Pro Shops Night Race,1
562,169,181,Accident,"#6, 17, 23, 41, 99 Incident Turn 2 ",Bass Pro Shops Night Race,1
563,221,232,Accident,"#7, 38, 77, 78, Incident Turn 4 [Red Flag: 00:07:53]",Bass Pro Shops Night Race,1
564,252,259,Competition,Stage 2 Conclusion,Bass Pro Shops Night Race,1
565,364,370,Spin,#00 Spin Turn 4,Bass Pro Shops Night Race,1
566,389,396,Accident,#00 Incident Turn 3,Bass Pro Shops Night Race,1
567,401,407,Accident,#11 Incident Turn 1 ,Bass Pro Shops Night Race,1
568,17,21,Competition,Competition Caution,LiftKits4Less.com 200,3
569,27,32,Accident,"#9, 02 Incident Turn 2",LiftKits4Less.com 200,3
570,34,36,Accident,"#42, 52 Incident Turn 1",LiftKits4Less.com 200,3
571,47,52,Competition,Stage 1 Conclusion,LiftKits4Less.com 200,3
572,82,88,Accident,"#23, 34 Incident Turn 4",LiftKits4Less.com 200,3
573,92,95,Competition,Stage 2 Conclusion,LiftKits4Less.com 200,3
574,103,106,Spin,#25 Spin Turn 4,LiftKits4Less.com 200,3
575,112,117,Accident,"#15, 34, 40, 56 Incident Frontstretch",LiftKits4Less.com 200,3
576,119,130,Accident,"#51, 16, 26, 21, 11, 33, 4, 17, 18, 98, 88, 1, 25, 30, 44, 41, 12 Incident Frontstretch [Red Flag 12:23]",LiftKits4Less.com 200,3
577,132,139,Accident,"52, 75 Incident Turn 2",LiftKits4Less.com 200,3
578,142,145,Spin,#30 Spin Turn 2,LiftKits4Less.com 200,3
579,147,147,Unknown,,LiftKits4Less.com 200,3
580,2,5,Accident,#00 Incident Turn 1,Ally 400,1
581,47,52,Spin,#8 Spin Turn 4,Ally 400,1
582,56,61,Accident,#12 Incident Turn 2,Ally 400,1
583,79,85,Accident,"#17, #77 Incident Turn 2",Ally 400,1
584,92,97,Competition,Stage 1 Conclusion,Ally 400,1
585,133,138,Spin,#23 Spin Turn 2,Ally 400,1
586,174,180,Debris,Debris on track,Ally 400,1
587,187,190,Competition,Stage 2 Conclusion,Ally 400,1
588,198,202,Spin,#37 Spin Turn 2,Ally 400,1
589,219,222,Spin,#23 Spin Frontstretch,Ally 400,1
590,228,232,Accident,#14 Incident Turn 4,Ally 400,1
591,73,76,Accident,"#26, 36, 47 Incident Turn 9",B&L Transport 170 at Mid-Ohio,2
592,5,6,Unknown,Possible Fluid On Track,Super Start Batteries 188 At DAYTONA Presented by O’Reilly,2
593,12,13,Unknown,#6 Stopped At Pit Road Exit,Super Start Batteries 188 At DAYTONA Presented by O’Reilly,2
594,17,18,Accident,"#22, 16, 98 Incident Frontstretch / Stage 1 Conclusion",Super Start Batteries 188 At DAYTONA Presented by O’Reilly,2
595,32,34,Competition,Stage 2 Conclusion,Super Start Batteries 188 At DAYTONA Presented by O’Reilly,2
596,39,40,Unknown,#48 Stopped In Turn 5,Super Start Batteries 188 At DAYTONA Presented by O’Reilly,2
597,51,52,Debris,Debris On Backstretch,Super Start Batteries 188 At DAYTONA Presented by O’Reilly,2
598,54,54,Accident,"#61, 52, 92, 17, 2 Incident Turn 3",Super Start Batteries 188 At DAYTONA Presented by O’Reilly,2
599,10,11,Unknown,#04 Stopped In Turn 3,BrakeBest Brake Pads 159 At DAYTONA Presented by O’Reilly,3
600,14,14,Competition,Stage 1 Conclusion,BrakeBest Brake Pads 159 At DAYTONA Presented by O’Reilly,3
601,24,27,Competition,#4 Stopped On Backstretch / Stage 2 Conclusion,BrakeBest Brake Pads 159 At DAYTONA Presented by O’Reilly,3
602,32,35,Accident,"#40, 42 Incident Pit Road Exit",BrakeBest Brake Pads 159 At DAYTONA Presented by O’Reilly,3
603,38,38,Accident,"#45, 51, 21, 24 Incident Frontstretch",BrakeBest Brake Pads 159 At DAYTONA Presented by O’Reilly,3
604,40,41,Unknown,#16 Stopped In Turn 9 / #20 Stopped In Turn 6,BrakeBest Brake Pads 159 At DAYTONA Presented by O’Reilly,3
605,43,44,Accident,"#15, 75 Incident Turn 5",BrakeBest Brake Pads 159 At DAYTONA Presented by O’Reilly,3
606,46,47,Accident,"#22, 38 Incident Turn 10",BrakeBest Brake Pads 159 At DAYTONA Presented by O’Reilly,3
607,49,49,Unknown,#10 Stopped On Pit Road Entrance,BrakeBest Brake Pads 159 At DAYTONA Presented by O’Reilly,3
608,51,51,Unknown,#44 Stopped On Frontstretch,BrakeBest Brake Pads 159 At DAYTONA Presented by O’Reilly,3
609,27,30,Competition,Competition Caution,Autotrader EchoPark Automotive 500,1
610,32,39,Accident,"#42, 47, 48, 37, 23, 53, 51, 77, 6, 10, 34, 41 Incident Backstretch",Autotrader EchoPark Automotive 500,1
611,107,112,Competition,Stage 1 Conclusion,Autotrader EchoPark Automotive 500,1
612,166,170,Debris,Debris on Backstretch,Autotrader EchoPark Automotive 500,1
613,212,216,Competition,Stage 2 Conclusion,Autotrader EchoPark Automotive 500,1
614,276,280,Debris,Debris on Backstretch,Autotrader EchoPark Automotive 500,1
615,300,304,Unknown,Fluid on Track,Autotrader EchoPark Automotive 500,1
616,306,309,Accident,#38 Incident Turn 2 [Red: 11:09],Autotrader EchoPark Automotive 500,1
617,315,318,Spin,#11 Spin Backstretch,Autotrader EchoPark Automotive 500,1
618,321,325,Accident,"#19, 99 Incident Turn 3",Autotrader EchoPark Automotive 500,1
619,329,332,Accident,"#17, 11, 14 Incident Backstretch",Autotrader EchoPark Automotive 500,1
620,26,29,Unknown,Possible Fluid On Track,Toyota 200 presented by CK Power,3
621,33,38,Spin,#04 Spin Turn 4,Toyota 200 presented by CK Power,3
622,42,46,Accident,"#51, 17 Incident Turn 1",Toyota 200 presented by CK Power,3
623,57,58,Competition,Stage 1 Conclusion,Toyota 200 presented by CK Power,3
624,63,69,Unknown,Power Outage at Track [Red Flag: 00:48:38],Toyota 200 presented by CK Power,3
625,112,112,Competition,Stage 2 Conclusion,Toyota 200 presented by CK Power,3
626,114,120,Accident,"#16, 45, 38, 26, 4, 66, 98, 99, 42, 9 Incident Frontstretch",Toyota 200 presented by CK Power,3
627,157,161,Accident,"#42, 15 Incident Turn 4",Toyota 200 presented by CK Power,3
628,27,30,Competition,Competition,Pennzoil 400 presented by Jiffy Lube,1
629,47,51,Debris,Debris Frontstretch,Pennzoil 400 presented by Jiffy Lube,1
630,82,87,Competition,Stage 1 Conclusion,Pennzoil 400 presented by Jiffy Lube,1
631,162,167,Competition,Stage 2 Conclusion,Pennzoil 400 presented by Jiffy Lube,1
632,171,174,Accident,"#9, 1 Incident Turn 2",Pennzoil 400 presented by Jiffy Lube,1
633,180,184,Accident,#10 Incident Turn 1,Pennzoil 400 presented by Jiffy Lube,1
634,22,25,Competition,Competition Caution,Alsco Uniforms 250 Powered by Cheddar’s Scratch Kitchen,2
635,42,47,Competition,Stage 1 Conclusion,Alsco Uniforms 250 Powered by Cheddar’s Scratch Kitchen,2
636,62,66,Accident,"#10, #8 Incident Backstretch",Alsco Uniforms 250 Powered by Cheddar’s Scratch Kitchen,2
637,82,88,Competition,Stage 2 Conclusion,Alsco Uniforms 250 Powered by Cheddar’s Scratch Kitchen,2
638,91,97,Accident,"#5, #6, #23, #52 Incident Frontstretch",Alsco Uniforms 250 Powered by Cheddar’s Scratch Kitchen,2
639,111,115,Accident,"#0, #99 Incident Backstretch",Alsco Uniforms 250 Powered by Cheddar’s Scratch Kitchen,2
640,122,126,Accident,#15 Incident Turn 2,Alsco Uniforms 250 Powered by Cheddar’s Scratch Kitchen,2
641,135,138,Spin,#19 Spin Turn 4,Alsco Uniforms 250 Powered by Cheddar’s Scratch Kitchen,2
642,159,162,Accident,"#2, #8 Incident Backstretch",Alsco Uniforms 250 Powered by Cheddar’s Scratch Kitchen,2
643,165,169,Accident,#20 Incident Turn 2,Alsco Uniforms 250 Powered by Cheddar’s Scratch Kitchen,2
644,38,46,Spin,#37 Spin in Turn 4,Blue-Emu Maximum Pain Relief 500,1
645,52,56,Accident,#1 and 43 Incident in Turn 4 [Red Flag: 18:20:44],Blue-Emu Maximum Pain Relief 500,1
646,132,140,Competition,Stage 1 Conclusion,Blue-Emu Maximum Pain Relief 500,1
647,242,247,Accident,#51 Incident in Turn 4,Blue-Emu Maximum Pain Relief 500,1
648,252,258,Accident,"#6, 10 and 21 Incident in Turn 2",Blue-Emu Maximum Pain Relief 500,1
649,262,269,Competition,Stage 2 Conclusion,Blue-Emu Maximum Pain Relief 500,1
650,278,282,Spin,#77 Spin in Turn 3,Blue-Emu Maximum Pain Relief 500,1
651,290,296,Spin,#51 Spin in Turn 2,Blue-Emu Maximum Pain Relief 500,1
652,322,327,Spin,#18 Spin in Turn 2,Blue-Emu Maximum Pain Relief 500,1
653,331,335,Spin,#38 Spin in Turn 2,Blue-Emu Maximum Pain Relief 500,1
654,341,347,Accident,#2 and 99 Incident in Turn 2,Blue-Emu Maximum Pain Relief 500,1
655,350,355,Spin,#6 Spin in Turn 2,Blue-Emu Maximum Pain Relief 500,1
656,372,377,Accident,"#2, 42 and 43 Incident in Turn 2 ",Blue-Emu Maximum Pain Relief 500,1
657,387,396,Accident,"#1, 2, 17, 18, 21, 37, 38, 43, 48, 51, 77, 99 Incident in Turn 2 [Red Flag: 21:47]",Blue-Emu Maximum Pain Relief 500,1
658,453,458,Spin,#14 Spin in Turn 3,Blue-Emu Maximum Pain Relief 500,1
659,4,13,Accident,"#3, 32, 34 Incident Turn 2",UNOH 200 presented by Ohio Logistics,3
660,23,32,Accident,#15 Incident Turn 2,UNOH 200 presented by Ohio Logistics,3
661,50,54,Accident,#20 Incident Turn 3,UNOH 200 presented by Ohio Logistics,3
662,57,66,Competition,Stage 1 Conclusion,UNOH 200 presented by Ohio Logistics,3
663,71,79,Accident,"#51, 3, 30, 41, 12, 34, 23, 45, 04, 9 Incident Backstretch [Red Flag: 00:06:23]",UNOH 200 presented by Ohio Logistics,3
664,112,121,Competition,Stage 2 Conclusion ,UNOH 200 presented by Ohio Logistics,3
665,131,136,Accident,"#1, 11, 75 Incident Backstretch",UNOH 200 presented by Ohio Logistics,3
666,156,163,Accident,"#10, 17, 21, 23 Incident Turn 4",UNOH 200 presented by Ohio Logistics,3
667,173,177,Spin,#75 Spin Turn 2,UNOH 200 presented by Ohio Logistics,3
668,181,186,Spin,#22 Spin Turn 2,UNOH 200 presented by Ohio Logistics,3
669,190,195,Accident,"#16, 19, 22, 45, 1, 25 Incident Frontstretch [Red Flag: 00:07:37]",UNOH 200 presented by Ohio Logistics,3
670,27,30,Competition,Competition Caution,South Point 400,1
671,82,87,Competition,Stage 1 Conclusion,South Point 400,1
672,93,98,Accident,#15 Incident Turn 2,South Point 400,1
673,162,166,Competition,Stage 2 Conclusion,South Point 400,1
674,32,37,Competition,Stage 1 Conclusion,Wise Power 200,3
675,62,67,Competition,Stage 2 Conclusion,Wise Power 200,3
676,71,74,Accident,"#42, 98 Incident Turn 2",Wise Power 200,3
677,129,133,Unknown,#10 Stopped On Track,Wise Power 200,3
678,135,138,Accident,"#52, 19 Incident Backstretch",Wise Power 200,3
679,3,6,Accident,#38 Incident Turn 2,Explore the Pocono Mountains 350,1
680,32,35,Competition,Stage 1 Conclusion,Explore the Pocono Mountains 350,1
681,87,90,Competition,Stage 2 Conclusion,Explore the Pocono Mountains 350,1
682,94,96,Debris,Debris,Explore the Pocono Mountains 350,1
683,16,20,Spin,#90 Spin Turn 4,Dead On Tools 250,2
684,32,35,Competition,Competition,Dead On Tools 250,2
685,49,53,Unknown,Possible Fluid On Track,Dead On Tools 250,2
686,62,68,Competition,Stage 1 Conclusion,Dead On Tools 250,2
687,122,130,Competition,Stage 2 Conclusion,Dead On Tools 250,2
688,151,155,Debris,Debris Turn 2,Dead On Tools 250,2
689,180,184,Spin,#99 Spin Turn 2,Dead On Tools 250,2
690,187,192,Accident,"#2, 39 Incident Turn 2",Dead On Tools 250,2
691,194,200,Accident,"#52, 1, 98, 10, 02 Incident Turn 2 [Red Flag: 00:10:47]",Dead On Tools 250,2
692,202,207,Accident,"#9, 54, 20, 22 Incident Turn 4",Dead On Tools 250,2
693,219,224,Debris,Debris Backstretch,Dead On Tools 250,2
694,245,249,Spin,#11 Spin Turn 4,Dead On Tools 250,2
695,251,255,Accident,"#31, 98 Incident Turn 4",Dead On Tools 250,2
696,22,26,Competition,Competition Caution,Call 811 Before You Dig 200 presented by Arizona 811,2
697,47,56,Competition,Stage 1 Conclusion,Call 811 Before You Dig 200 presented by Arizona 811,2
698,59,62,Accident,#90 Incident Turn 4,Call 811 Before You Dig 200 presented by Arizona 811,2
